379618947,4056114,John Francis,Hazel Carmen Baird Holifield,John Francis,Pippin Mccann,Bogota,Cll 230B  # 60E - 95C,empathy@aol.com,6900078,Hazel Carmen Baird Holifield
285769191,6078770,William Daniel,Hazel Carmen Baird Holifield,William Daniel,Carter Cormier,Bogota,Cll 68B  # 54C - 76E,camenisch@icloud.com,1150032,Hazel Carmen Baird Holifield
843907058,4836783,Michael Jeffrey,Hazel Carmen Baird Holifield,Michael Jeffrey,Lynch Bagley,Bogota,Cll 53A Sur# 45C - 94C,pkplex@icloud.com,3002825,Hazel Carmen Baird Holifield
654508769,7896949,Miriam Valerie,Hazel Carmen Baird Holifield,Miriam Valerie,Ballard Underwood,Bogota,Cll 204D Sur# 32D - 48E,portscan@icloud.com,7960769,Hazel Carmen Baird Holifield
838031065,2036567,Lee Steven,Mark Thomas Bara Hunter,Lee Steven,Varghese Williams,Bogota,Cll 131C Sur# 62  - 60E,malin@att.net,7043348,Mark Thomas Bara Hunter
192760694,5057211,Marci Patricia,Mark Thomas Bara Hunter,Marci Patricia,Hunstad Mattson,Bogota,Cll 10  Sur# 10  - 70B,jbailie@verizon.net,2898001,Mark Thomas Bara Hunter
978542366,5391496,Patrick John,Mark Thomas Bara Hunter,Patrick John,Arceneaux Banchero,Bogota,Cll 225  Sur# 49  - 82B,bonmots@comcast.net,8267894,Mark Thomas Bara Hunter
1011552921,7277993,Leonard Glenn,Mark Thomas Bara Hunter,Leonard Glenn,Moore Mcgahan,Bogota,Cll 86   # 1D - 73B,camenisch@icloud.com,8155219,Mark Thomas Bara Hunter
101090555,4466970,Gena Ann,Mark Thomas Bara Hunter,Gena Ann,Keller Rollins,Bogota,Cll 108C  # 2  - 93B,daveewart@me.com,6704684,Mark Thomas Bara Hunter
584417290,4838680,Roberta Jessie,Mark Thomas Bara Hunter,Roberta Jessie,Piro Wools,Bogota,Cll 207   # 80B - 32A,rjones@msn.com,5478367,Mark Thomas Bara Hunter
111349253,4524035,Wendy Bridget,Christine Penny Vandekieft Field,Wendy Bridget,Diehl Weiss,Bogota,Cll 134A Sur# 86E - 32A,mwilson@gmail.com,5136271,Christine Penny Vandekieft Field
975744646,6313634,Sarah Jean,Christine Penny Vandekieft Field,Sarah Jean,Monica Moore,Bogota,Cll 206B  # 9E - 48E,zeller@live.com,8423262,Christine Penny Vandekieft Field
646844044,4922249,Thomas Shane,Christine Penny Vandekieft Field,Thomas Shane,Fletcher Crouse,Bogota,Cll 183  Sur# 60D - 2C,calin@comcast.net,9371672,Christine Penny Vandekieft Field
626360394,7082296,William Christopher,Christine Penny Vandekieft Field,William Christopher,Hopkins Langley,Bogota,Cll 116A  # 53B - 57B,mcmillan@mac.com,1869562,Christine Penny Vandekieft Field
259882246,6468955,Eric Joseph,Marian Elizabeth Mullin Rosado,Eric Joseph,Consla Hammond,Bogota,Cll 165  Sur# 39D - 84 ,gknauss@aol.com,9990031,Marian Elizabeth Mullin Rosado
684554561,5044750,Rosemary Kristy,Marian Elizabeth Mullin Rosado,Rosemary Kristy,Askins Jones,Bogota,Cll 74D Sur# 21A - 48B,sequin@outlook.com,7462029,Marian Elizabeth Mullin Rosado
569880158,1850925,Penny Samantha,Marian Elizabeth Mullin Rosado,Penny Samantha,Cain Boardman,Bogota,Cll 45   # 26C - 13 ,barlow@sbcglobal.net,2431537,Marian Elizabeth Mullin Rosado
825261179,3836298,Karina Scott,Marian Elizabeth Mullin Rosado,Karina Scott,Gosz Thomas,Bogota,Cll 119A Sur# 52D - 7 ,bastian@me.com,5912138,Marian Elizabeth Mullin Rosado
453713915,4362020,Kandy Betty,Ignacio James Vandamme Tillett,Kandy Betty,Marshall Moore,Bogota,Cll 121E  # 9  - 71A,bader@live.com,4705614,Ignacio James Vandamme Tillett
264646208,8897382,Ted Ernest,Ignacio James Vandamme Tillett,Ted Ernest,Hays Green,Bogota,Cll 114E  # 39D - 77A,lushe@yahoo.ca,5470078,Ignacio James Vandamme Tillett
345542944,4890571,Rusty Matthew,Ignacio James Vandamme Tillett,Rusty Matthew,Harris Rotz,Bogota,Cll 93A Sur# 67A - 20E,sumdumass@sbcglobal.net,9830601,Ignacio James Vandamme Tillett
664955669,7485773,Michael Carl,Ignacio James Vandamme Tillett,Michael Carl,Ragan Jones,Bogota,Cll 57E Sur# 37E - 87A,wonderkid@mac.com,3252221,Ignacio James Vandamme Tillett
166413375,7249045,Wayne George,Franklin Julian Steppe Johnson,Wayne George,Yap Davenport,Bogota,Cll 20D  # 89D - 6C,ovprit@yahoo.ca,2476725,Franklin Julian Steppe Johnson
81622559,1897593,Kenneth Richard,Franklin Julian Steppe Johnson,Kenneth Richard,Rodgers Oden,Bogota,Cll 92A  # 75  - 81 ,lamky@live.com,9006737,Franklin Julian Steppe Johnson
163691094,2924463,Sharon Deborah,Randall George Wright Mills,Sharon Deborah,Hilliard Renyer,Bogota,Cll 124B  # 49A - 100C,morain@verizon.net,5588358,Randall George Wright Mills
1088084276,4263380,Manuel Robert,Randall George Wright Mills,Manuel Robert,Rolon Collier,Bogota,Cll 192E Sur# 94  - 73C,cgcra@yahoo.com,9933322,Randall George Wright Mills
322889919,1120748,Ronald Frank,Randall George Wright Mills,Ronald Frank,Kim Sison,Bogota,Cll 66D Sur# 52A - 14D,mccurley@msn.com,4725541,Randall George Wright Mills
1058142563,5713822,Holly Rhonda,Randall George Wright Mills,Holly Rhonda,Hancock Athayde,Bogota,Cll 179  Sur# 26  - 50 ,leocharre@aol.com,1774725,Randall George Wright Mills
143095291,7555748,Marcus Robert,Antoinette Ada Woodall Shipley,Marcus Robert,Pullen Moga,Bogota,Cll 96A Sur# 10B - 24D,pplinux@att.net,6778076,Antoinette Ada Woodall Shipley
361510317,1786772,Patricia Jenny,Antoinette Ada Woodall Shipley,Patricia Jenny,Ibarra Weber,Bogota,Cll 216  Sur# 33D - 54 ,bradl@gmail.com,9283232,Antoinette Ada Woodall Shipley
612298093,2205139,Tammy Caitlin,Antoinette Ada Woodall Shipley,Tammy Caitlin,Davis Dowd,Bogota,Cll 1C  # 57C - 22D,bmidd@live.com,9401232,Antoinette Ada Woodall Shipley
1073267196,8365774,Anna Helen,Antoinette Ada Woodall Shipley,Anna Helen,Amos Renteria,Bogota,Cll 172B Sur# 62E - 16B,gomor@verizon.net,9465460,Antoinette Ada Woodall Shipley
345276750,2414217,Samuel Beau,Antoinette Ada Woodall Shipley,Samuel Beau,Trela Jiminez,Bogota,Cll 153B Sur# 85C - 87A,krueger@outlook.com,3237154,Antoinette Ada Woodall Shipley
844214336,5736350,Christopher Michael,Michelle Barbara Adams Mcmurray,Christopher Michael,Strickland Adams,Bogota,Cll 73D Sur# 9  - 72B,grothoff@yahoo.com,5390323,Michelle Barbara Adams Mcmurray
441784718,1626059,Tyler Mikel,Michelle Barbara Adams Mcmurray,Tyler Mikel,Crow Ramirez,Bogota,Cll 121  Sur# 13E - 5D,flavell@msn.com,3608372,Michelle Barbara Adams Mcmurray
333680743,5741199,Clarence Lorenzo,Michelle Barbara Adams Mcmurray,Clarence Lorenzo,Higgins Reid,Bogota,Cll 124E  # 11B - 89A,thowell@me.com,7874171,Michelle Barbara Adams Mcmurray
681826507,2745259,Jason Lester,Michelle Barbara Adams Mcmurray,Jason Lester,Bisson Buterbaugh,Bogota,Cll 42D  # 96D - 64B,dimensio@live.com,3155518,Michelle Barbara Adams Mcmurray
940317334,9361662,Theodore James,Michelle Barbara Adams Mcmurray,Theodore James,Gonzales Perez,Bogota,Cll 97C  # 49B - 41B,leviathan@verizon.net,6786284,Michelle Barbara Adams Mcmurray
255729783,1289860,James Christopher,Lois Billie Scott Carrington,James Christopher,Gonzalez Cloutier,Bogota,Cll 117   # 82B - 7D,meder@aol.com,9855724,Lois Billie Scott Carrington
1071000652,9541226,Brian Don,Lois Billie Scott Carrington,Brian Don,Goggins Fassett,Bogota,Cll 223C  # 51A - 19D,trygstad@me.com,8488758,Lois Billie Scott Carrington
1074011299,3313800,Richard Gregory,Lois Billie Scott Carrington,Richard Gregory,Hammack Blanton,Bogota,Cll 1B  # 89E - 69B,tedrlord@msn.com,4392407,Lois Billie Scott Carrington
885419754,8769725,Estela Anne,Lois Billie Scott Carrington,Estela Anne,Pack Buell,Bogota,Cll 109  Sur# 97C - 20D,citadel@yahoo.ca,3780828,Lois Billie Scott Carrington
753651742,3464711,Karen Jodi,Lois Billie Scott Carrington,Karen Jodi,Campbell Driscoll,Bogota,Cll 17A  # 4  - 86E,csilvers@yahoo.ca,8602506,Lois Billie Scott Carrington
1079662778,2293781,Johanna Sandra,Donald John Coulson Smelser,Johanna Sandra,Westbrooks Hutchins,Bogota,Cll 206B  # 4A - 52A,dbindel@outlook.com,9918841,Donald John Coulson Smelser
875410760,1119657,Jamie Barbara,Donald John Coulson Smelser,Jamie Barbara,Vallejo Crigger,Bogota,Cll 9C Sur# 47  - 2D,blixem@msn.com,7125116,Donald John Coulson Smelser
404497379,4802018,Lakisha Naomi,Donald John Coulson Smelser,Lakisha Naomi,Jenkins Lee,Bogota,Cll 206E Sur# 5C - 60E,rddesign@optonline.net,2430340,Donald John Coulson Smelser
387896883,4514749,Layne Crystal,Donald John Coulson Smelser,Layne Crystal,Ozley Smtih,Bogota,Cll 99A Sur# 15B - 34B,heroine@gmail.com,7711198,Donald John Coulson Smelser
256954743,8131943,Darren Nathan,Donald John Coulson Smelser,Darren Nathan,Mckoy Tenery,Bogota,Cll 58C  # 65D - 61 ,kobayasi@att.net,5312353,Donald John Coulson Smelser
668245285,6053899,Christina Winifred,Donald John Coulson Smelser,Christina Winifred,Macintyre Sims,Bogota,Cll 44B Sur# 37C - 97E,steve@icloud.com,9210565,Donald John Coulson Smelser
902226030,4424091,Doris Dorothy,Jim Lewis Larson Grimes,Doris Dorothy,Neal Hughes,Bogota,Cll 173E Sur# 53B - 85D,rmcfarla@msn.com,9843474,Jim Lewis Larson Grimes
417298539,2117493,Ernest Marco,Jim Lewis Larson Grimes,Ernest Marco,Maloney Tarpey,Bogota,Cll 20C  # 85E - 89E,crowemojo@att.net,1722095,Jim Lewis Larson Grimes
655385622,9577461,Larry Noel,Jim Lewis Larson Grimes,Larry Noel,Owens Craven,Bogota,Cll 75A  # 23C - 14 ,aprakash@sbcglobal.net,9343301,Jim Lewis Larson Grimes
638645439,9785771,Clarence William,Jim Lewis Larson Grimes,Clarence William,Rodriguez Mccowan,Bogota,Cll 64B Sur# 95A - 12A,lydia@msn.com,5583606,Jim Lewis Larson Grimes
799480989,1011989,Helen Margie,Jim Lewis Larson Grimes,Helen Margie,Sarate Hoff,Bogota,Cll 226E Sur# 94B - 74D,tkrotchko@gmail.com,7782127,Jim Lewis Larson Grimes
983566587,9599850,Joseph Hubert,Jim Lewis Larson Grimes,Joseph Hubert,Turner Hardy,Bogota,Cll 198A Sur# 5A - 19E,kalpol@mac.com,2247690,Jim Lewis Larson Grimes
248336914,4287628,Charles Michael,Norma Michelle Colony Mcentire,Charles Michael,Tanner Mallen,Bogota,Cll 80A  # 21E - 68E,syncnine@me.com,2965634,Norma Michelle Colony Mcentire
546293384,2098616,Frances Lesley,Norma Michelle Colony Mcentire,Frances Lesley,Miller Mcardle,Bogota,Cll 151A Sur# 88A - 63B,djpig@msn.com,3776149,Norma Michelle Colony Mcentire
193864043,4924231,Thomas Zachary,Norma Michelle Colony Mcentire,Thomas Zachary,Miller Anderson,Bogota,Cll 156D  # 72D - 44 ,giafly@aol.com,2786751,Norma Michelle Colony Mcentire
612893305,6071711,Juli Daisy,Norma Michelle Colony Mcentire,Juli Daisy,Aleman Dixon,Bogota,Cll 153D Sur# 91C - 27A,ntegrity@outlook.com,5937240,Norma Michelle Colony Mcentire
874799577,5235602,Charles Delaine,Norma Michelle Colony Mcentire,Charles Delaine,Cosner Mccarthy,Bogota,Cll 27D Sur# 72B - 45 ,jshearer@aol.com,3360213,Norma Michelle Colony Mcentire
890719653,2473414,Mandy Jennifer,Antonio Sam Alvarez Calhoun,Mandy Jennifer,Edemann Street,Bogota,Cll 219C  # 9B - 73C,jrifkin@icloud.com,7871511,Antonio Sam Alvarez Calhoun
919397283,8402878,Ruth Susan,Antonio Sam Alvarez Calhoun,Ruth Susan,Sinclaire Numbers,Bogota,Cll 169D  # 9C - 83E,evilopie@live.com,4060624,Antonio Sam Alvarez Calhoun
882264490,5072490,Kimberly Linda,Antonio Sam Alvarez Calhoun,Kimberly Linda,Fountain Bishop,Bogota,Cll 95C Sur# 42A - 87 ,jtorkbob@yahoo.com,8188308,Antonio Sam Alvarez Calhoun
932982928,1235212,Cynthia Phuong,Jason Jeremy Strong Villegas,Cynthia Phuong,Bright Miyamoto,Bogota,Cll 39C  # 26C - 41D,penna@aol.com,1879806,Jason Jeremy Strong Villegas
1065680709,7305071,Janet Joan,Jason Jeremy Strong Villegas,Janet Joan,Barnes Bacon,Bogota,Cll 198E Sur# 78A - 88C,privcan@live.com,8319329,Jason Jeremy Strong Villegas
632620118,5870465,Craig Darrell,Jason Jeremy Strong Villegas,Craig Darrell,Cowie Caro,Bogota,Cll 161  Sur# 25E - 73E,mcrawfor@sbcglobal.net,1840755,Jason Jeremy Strong Villegas
1003921192,1884109,John Howard,Jason Jeremy Strong Villegas,John Howard,Franklin Templeton,Bogota,Cll 126B Sur# 83B - 4D,mschwartz@icloud.com,3426531,Jason Jeremy Strong Villegas
369850716,5977050,Jan Joan,Jason Jeremy Strong Villegas,Jan Joan,Flahive Moyer,Bogota,Cll 35A Sur# 50A - 59B,mavilar@verizon.net,1929308,Jason Jeremy Strong Villegas
722026022,1022306,Raphael Craig,Jason Jeremy Strong Villegas,Raphael Craig,Casillas Hodges,Bogota,Cll 50E  # 54D - 62E,mallanmba@att.net,6585541,Jason Jeremy Strong Villegas
624514265,9563231,Denny Ronald,Donald Howard Hayes Odom,Denny Ronald,Kane Ward,Bogota,Cll 39E Sur# 51  - 55D,janneh@comcast.net,8831821,Donald Howard Hayes Odom
635037986,9091492,Craig Michael,Donald Howard Hayes Odom,Craig Michael,Borkowski Davidson,Bogota,Cll 223A  # 33C - 1D,nelson@yahoo.ca,9879513,Donald Howard Hayes Odom
585938321,8004610,George Richard,Nestor Michael Larson Smith,George Richard,Stevens Albert,Bogota,Cll 24B Sur# 75E - 39C,sassen@yahoo.com,7541569,Nestor Michael Larson Smith
250268694,2455848,Rosa Lois,Nestor Michael Larson Smith,Rosa Lois,Tyson Covington,Bogota,Cll 90B Sur# 28C - 11 ,kosact@mac.com,8236965,Nestor Michael Larson Smith
659177974,9706682,Lourie Carolyn,Nestor Michael Larson Smith,Lourie Carolyn,Chatman Mcdermott,Bogota,Cll 2  Sur# 92  - 76A,mwilson@mac.com,5005815,Nestor Michael Larson Smith
974000452,3054188,Dana Angel,Nestor Michael Larson Smith,Dana Angel,Machado Diamond,Bogota,Cll 199E Sur# 41C - 8B,ournews@icloud.com,4587971,Nestor Michael Larson Smith
833994744,9675412,Leanne Jenna,Nestor Michael Larson Smith,Leanne Jenna,Alexander Michael,Bogota,Cll 226D  # 45A - 33B,rande@icloud.com,3753656,Nestor Michael Larson Smith
846117740,2168588,Donald Jose,Nancy Rose Boggs Herrmann,Donald Jose,Jackson Duran,Bogota,Cll 43A Sur# 42  - 86 ,hling@yahoo.ca,8212703,Nancy Rose Boggs Herrmann
768090916,7114498,Rosendo Timothy,Nancy Rose Boggs Herrmann,Rosendo Timothy,Lane Ramos,Bogota,Cll 62A Sur# 21D - 6A,dartlife@me.com,2662013,Nancy Rose Boggs Herrmann
870581263,5794201,Joe Todd,Paul Walter Dobrich Russo,Joe Todd,Jawad Miranda,Bogota,Cll 195D  # 60A - 23E,matthijs@icloud.com,3003340,Paul Walter Dobrich Russo
128342215,6050645,Larisa Anne,Paul Walter Dobrich Russo,Larisa Anne,Szaflarski Brunner,Bogota,Cll 207C Sur# 23C - 23A,laird@live.com,5240662,Paul Walter Dobrich Russo
49526473,3136372,Ralph David,Paul Walter Dobrich Russo,Ralph David,Diaz Roy,Bogota,Cll 116  Sur# 13B - 30C,liedra@sbcglobal.net,7406152,Paul Walter Dobrich Russo
236133966,2061387,Melissa Ellen,Joseph Sam Jackson Mcwhorter,Melissa Ellen,Ellis Woodruff,Cali,Cll 205E  # 34B - 76E,tattooman@hotmail.com,8346756,Joseph Sam Jackson Mcwhorter
76719515,3086508,Ronda Stefanie,Joseph Sam Jackson Mcwhorter,Ronda Stefanie,Hainley Ham,Cali,Cll 3E  # 93A - 9B,sriha@aol.com,3242338,Joseph Sam Jackson Mcwhorter
260404299,3334277,Samuel Gregory,Mary Jimmie Marinese Bojorquez,Samuel Gregory,Glover Caro,Cali,Cll 8E Sur# 75A - 75 ,lydia@yahoo.com,2087306,Mary Jimmie Marinese Bojorquez
1089127199,2506104,Wesley Allen,Mary Jimmie Marinese Bojorquez,Wesley Allen,Daniels Jordan,Cali,Cll 123C Sur# 20  - 88B,ismail@hotmail.com,9600727,Mary Jimmie Marinese Bojorquez
224794489,4068255,Rosa Carol,Ellen Paula Crawford Baker,Rosa Carol,Johnson Glancy,Cali,Cll 62C Sur# 1C - 72A,studyabr@msn.com,8520634,Ellen Paula Crawford Baker
325844682,2062699,Joyce Amanda,Ellen Paula Crawford Baker,Joyce Amanda,Ashley Doak,Cali,Cll 31C Sur# 39C - 57E,meder@aol.com,7419052,Ellen Paula Crawford Baker
138056320,2895227,Alice Mary,Misty Robin Franklin Sapp,Alice Mary,Rivera Stanley,Cali,Cll 195D  # 74B - 98C,aardo@msn.com,3779861,Misty Robin Franklin Sapp
771551533,6271436,Charlotte Erica,Misty Robin Franklin Sapp,Charlotte Erica,Graham Morse,Cali,Cll 97C Sur# 50B - 37 ,grady@att.net,3550914,Misty Robin Franklin Sapp
1005660349,7618546,Eric Johnny,Misty Robin Franklin Sapp,Eric Johnny,Sommers Hartzler,Cali,Cll 211A Sur# 40A - 48D,dhwon@outlook.com,6582982,Misty Robin Franklin Sapp
442784588,7340184,Mark Roman,Misty Robin Franklin Sapp,Mark Roman,Merrifield Page,Cali,Cll 170E  # 77E - 99E,lbecchi@icloud.com,4704447,Misty Robin Franklin Sapp
591871749,7001086,Christopher Don,Cheryl Brittney Washington Salazar,Christopher Don,Sulla Duckworth,Cali,Cll 160A  # 82D - 6A,kiddailey@att.net,7152737,Cheryl Brittney Washington Salazar
1001002645,2496407,Frankie Jane,Cheryl Brittney Washington Salazar,Frankie Jane,Young Sales,Cali,Cll 124C Sur# 77A - 44 ,gtaylor@yahoo.ca,1412881,Cheryl Brittney Washington Salazar
563823204,4028525,Debra Jacquelyne,Larry Bob Kelly Meadows,Debra Jacquelyne,Italia Uhrin,Cali,Cll 195D Sur# 16B - 13A,techie@yahoo.com,2223007,Larry Bob Kelly Meadows
1071518953,1349256,Ava Bernadine,Larry Bob Kelly Meadows,Ava Bernadine,Ringel Miller,Cali,Cll 141C  # 100C - 55E,corrada@me.com,8281062,Larry Bob Kelly Meadows
229699527,3443276,Johnny Leon,Larry Bob Kelly Meadows,Johnny Leon,Lee Mondragon,Cali,Cll 104B Sur# 59  - 40C,gator@live.com,8470367,Larry Bob Kelly Meadows
228480220,8409236,Brian Brian,Larry Bob Kelly Meadows,Brian Brian,Lempke Underwood,Cali,Cll 228B Sur# 68C - 54B,syrinx@aol.com,7144015,Larry Bob Kelly Meadows
110115468,5400897,Lori Elfriede,Larry Bob Kelly Meadows,Lori Elfriede,Musial Donnelson,Cali,Cll 180C  # 64  - 6E,chrwin@verizon.net,9782294,Larry Bob Kelly Meadows
782302864,9004760,Jeanne Rebecca,Shavon Anna Jarvi Frazier,Jeanne Rebecca,Burris Noble,Cali,Cll 219C Sur# 24A - 57A,msroth@mac.com,9585241,Shavon Anna Jarvi Frazier
872377707,1972476,Heather Lillian,Shavon Anna Jarvi Frazier,Heather Lillian,Robuck Campbell,Cali,Cll 56   # 77E - 27B,pgottsch@att.net,4064189,Shavon Anna Jarvi Frazier
288881257,6079308,Fernando Shane,Shavon Anna Jarvi Frazier,Fernando Shane,Cochran Evans,Cali,Cll 140C  # 52A - 44E,gastown@att.net,3946277,Shavon Anna Jarvi Frazier
1089676029,6824611,Ken Eugene,Elaine Adelaide Oconnor Sowa,Ken Eugene,Mooneyhan Palomares,Cali,Cll 21B Sur# 10A - 47B,augusto@live.com,6913468,Elaine Adelaide Oconnor Sowa
887730635,6705357,John Albert,Elaine Adelaide Oconnor Sowa,John Albert,Strecker Slagle,Cali,Cll 115D Sur# 65  - 52E,cremonini@aol.com,2081432,Elaine Adelaide Oconnor Sowa
437402886,3368368,Sofia Hazel,Kristen Karen Huskey Vargas,Sofia Hazel,Lim Heming,Cali,Cll 173E Sur# 85  - 100A,jamuir@gmail.com,4463455,Kristen Karen Huskey Vargas
678799599,9506176,Freda Kelly,Kristen Karen Huskey Vargas,Freda Kelly,Perez Collins,Cali,Cll 63A Sur# 24C - 37 ,gomor@msn.com,8047147,Kristen Karen Huskey Vargas
856048854,3002391,Linda Colette,Kristen Karen Huskey Vargas,Linda Colette,Sheppard Macmillan,Cali,Cll 11B  # 73D - 83B,luvirini@msn.com,7679779,Kristen Karen Huskey Vargas
1037930617,3548815,Donald Michel,Kristen Karen Huskey Vargas,Donald Michel,Fabela Elmquist,Cali,Cll 21C  # 73E - 97C,chance@sbcglobal.net,7260468,Kristen Karen Huskey Vargas
435648953,4674293,Janie Patricia,Kristen Karen Huskey Vargas,Janie Patricia,Barker Kosco,Cali,Cll 62A  # 51B - 99B,miltchev@gmail.com,2028068,Kristen Karen Huskey Vargas
58161822,2844699,Kellie Rebecca,Dennis Thomas Cooper Savage,Kellie Rebecca,Stemmer Halfhill,Cali,Cll 2   # 69A - 35A,cparis@mac.com,7162596,Dennis Thomas Cooper Savage
251945102,6038160,Charles Gary,Dennis Thomas Cooper Savage,Charles Gary,Pang Edwards,Cali,Cll 225   # 87A - 54A,mwandel@hotmail.com,3566313,Dennis Thomas Cooper Savage
836280424,5755702,Samuel Joseph,Dennis Thomas Cooper Savage,Samuel Joseph,Acree Doolittle,Cali,Cll 59E Sur# 52E - 28A,wbarker@outlook.com,4153520,Dennis Thomas Cooper Savage
651253358,2373612,Joseph Daniel,Abraham Daniel Morace Ward,Joseph Daniel,Varner Rhim,Cali,Cll 201D  # 32  - 59E,mcsporran@optonline.net,8262559,Abraham Daniel Morace Ward
1104515638,3299461,Kathleen Louella,Abraham Daniel Morace Ward,Kathleen Louella,Wild Thomas,Cali,Cll 4B  # 57E - 72 ,oechslin@me.com,5414622,Abraham Daniel Morace Ward
312049577,2703794,Janice Ruby,Abraham Daniel Morace Ward,Janice Ruby,Quiroz Cameron,Cali,Cll 226   # 79D - 14A,openldap@verizon.net,6066662,Abraham Daniel Morace Ward
499075847,1684025,Sheila Karie,Abraham Daniel Morace Ward,Sheila Karie,Gay Jackson,Cali,Cll 186C  # 36E - 74A,farber@sbcglobal.net,6482604,Abraham Daniel Morace Ward
123862481,3982934,Jerry Stephen,Joseph Robert Stephenson Reeve,Jerry Stephen,Trible Famulare,Cali,Cll 51E  # 76A - 5E,dawnsong@yahoo.ca,6516051,Joseph Robert Stephenson Reeve
988453761,9779174,Antonio Greg,Joseph Robert Stephenson Reeve,Antonio Greg,Norris Gamba,Cali,Cll 28   # 18A - 9 ,smeier@aol.com,1823049,Joseph Robert Stephenson Reeve
712931606,4552346,Dan Jason,Joseph Robert Stephenson Reeve,Dan Jason,Kosco Fornes,Cali,Cll 151   # 47  - 64D,eminence@optonline.net,3973704,Joseph Robert Stephenson Reeve
1068256426,7012898,Maurice Christopher,Joseph Robert Stephenson Reeve,Maurice Christopher,Adkins Adams,Cali,Cll 165A Sur# 77D - 83D,rjones@comcast.net,7086474,Joseph Robert Stephenson Reeve
140893262,5470372,Maureen Rhonda,Joseph Robert Stephenson Reeve,Maureen Rhonda,Judge Mateus,Cali,Cll 100   # 22A - 76A,rwelty@msn.com,2977919,Joseph Robert Stephenson Reeve
1069424600,5574131,Kevin David,Joseph Robert Stephenson Reeve,Kevin David,Jackson Turner,Cali,Cll 97B Sur# 89D - 3C,bockelboy@aol.com,7053915,Joseph Robert Stephenson Reeve
124900005,7402176,Vance Lee,Debra Lula Leeds Snodgrass,Vance Lee,Tooley Ford,Cali,Cll 102A Sur# 43  - 91C,killmenow@aol.com,7053803,Debra Lula Leeds Snodgrass
981659719,1472718,Robert Tyree,Debra Lula Leeds Snodgrass,Robert Tyree,Anastasiades Heredia,Cali,Cll 225D Sur# 59  - 15B,adhere@icloud.com,5596185,Debra Lula Leeds Snodgrass
415055451,4904633,Randall Thomas,Amanda Paula Thompson Henry,Randall Thomas,Thomas Hale,Cali,Cll 102E  # 22E - 96 ,panolex@live.com,4536465,Amanda Paula Thompson Henry
429312813,8193459,Buford Robert,Amanda Paula Thompson Henry,Buford Robert,Fanning Jefferson,Cali,Cll 189D  # 66E - 100D,munge@aol.com,4922456,Amanda Paula Thompson Henry
1084013809,9534113,Caren Michelle,Amanda Paula Thompson Henry,Caren Michelle,Bridges Salamanca,Cali,Cll 6E  # 1C - 91 ,shrapnull@sbcglobal.net,3153059,Amanda Paula Thompson Henry
995444303,8920297,Norma Aida,Amanda Paula Thompson Henry,Norma Aida,Danielson Rennels,Cali,Cll 181  Sur# 9C - 97B,bcevc@icloud.com,5116398,Amanda Paula Thompson Henry
862333651,4087591,Kelly Nancy,Perry Angelo Joiner Arocho,Kelly Nancy,Kresge Panzarino,Medellin,Cll 25A  # 50B - 83D,goresky@yahoo.com,8048035,Perry Angelo Joiner Arocho
688529615,8789581,Alex Aaron,Perry Angelo Joiner Arocho,Alex Aaron,Carr Christensen,Medellin,Cll 223B  # 8A - 67B,graham@outlook.com,1979660,Perry Angelo Joiner Arocho
291664357,8370692,Gordon William,Perry Angelo Joiner Arocho,Gordon William,Baham Martin,Medellin,Cll 41A Sur# 53  - 6A,seanq@comcast.net,4956547,Perry Angelo Joiner Arocho
107787496,2687836,Alan Jesse,Alice Denise Jackson Burger,Alan Jesse,Flournoy Sabin,Medellin,Cll 67B  # 2  - 36A,boomzilla@icloud.com,8403081,Alice Denise Jackson Burger
559600827,7776584,Cindy Joyce,Alice Denise Jackson Burger,Cindy Joyce,Hatchett Lai,Medellin,Cll 17B  # 89A - 87C,fatelk@icloud.com,3540820,Alice Denise Jackson Burger
206750242,1957791,Margaret Barbara,Alice Denise Jackson Burger,Margaret Barbara,Dunlap Stachura,Medellin,Cll 228D  # 38D - 83A,joehall@optonline.net,6461347,Alice Denise Jackson Burger
789071981,9169698,William Gabriel,Debra Josephine Nikolic Williams,William Gabriel,Larrison Johnson,Medellin,Cll 166E Sur# 57E - 61 ,godeke@mac.com,2705044,Debra Josephine Nikolic Williams
1076348991,3108471,Jose Paul,Debra Josephine Nikolic Williams,Jose Paul,Ozley Paradiso,Medellin,Cll 225C  # 45  - 13D,hermanab@mac.com,6156509,Debra Josephine Nikolic Williams
586357163,6381496,Matthew Kevin,Debra Josephine Nikolic Williams,Matthew Kevin,Freeman Clardy,Medellin,Cll 50B Sur# 20E - 70E,jkegl@att.net,4591182,Debra Josephine Nikolic Williams
527289153,3544057,Carol Marcia,Kenneth Brian Johnson Brandt,Carol Marcia,Isbell Zimmerman,Medellin,Cll 125B  # 51B - 52D,gbacon@hotmail.com,7266552,Kenneth Brian Johnson Brandt
1063551877,9291121,Sarah Laura,Kenneth Brian Johnson Brandt,Sarah Laura,Mattison New,Medellin,Cll 145A Sur# 55C - 36 ,pfitza@yahoo.com,2950623,Kenneth Brian Johnson Brandt
1089948245,1885543,Gerald George,Kenneth Brian Johnson Brandt,Gerald George,Hillhouse Raminez,Medellin,Cll 49  Sur# 57D - 36D,arathi@msn.com,2604355,Kenneth Brian Johnson Brandt
1032298670,9845920,Patrick John,Kenneth Brian Johnson Brandt,Patrick John,Powell Gilbert,Medellin,Cll 47A  # 32B - 83B,sravani@msn.com,5336759,Kenneth Brian Johnson Brandt
158342208,4065360,Lynne Carol,Kenneth Brian Johnson Brandt,Lynne Carol,Petty Crowder,Medellin,Cll 28D  # 72B - 100B,barjam@gmail.com,9810193,Kenneth Brian Johnson Brandt
471210994,8875631,Michele Alma,Kenneth Brian Johnson Brandt,Michele Alma,Duenes Fuentez,Medellin,Cll 95  Sur# 51A - 38E,cameron@verizon.net,2563068,Kenneth Brian Johnson Brandt
579093432,3112065,Douglas Christopher,Kent Larry Barnett Temple,Douglas Christopher,Hiott Butts,Medellin,Cll 130C Sur# 46E - 28D,srour@gmail.com,5815676,Kent Larry Barnett Temple
919924923,4881105,John Abraham,Kent Larry Barnett Temple,John Abraham,Peoples Harrison,Medellin,Cll 177D  # 15  - 36 ,afifi@verizon.net,6327170,Kent Larry Barnett Temple
426543293,6693964,Sandra Jillian,Kent Larry Barnett Temple,Sandra Jillian,Cone Pleva,Medellin,Cll 211D Sur# 89  - 30B,kmself@comcast.net,6170458,Kent Larry Barnett Temple
994133588,1559123,Alice Allyson,Kent Larry Barnett Temple,Alice Allyson,Hardaway Timbers,Medellin,Cll 224C  # 95B - 50C,morain@verizon.net,3903042,Kent Larry Barnett Temple
511929965,9488220,Lois Elizabeth,Andrea Jennifer Keel Steffes,Lois Elizabeth,Jones Worley,Medellin,Cll 6B Sur# 74D - 80A,jimmichie@comcast.net,7055541,Andrea Jennifer Keel Steffes
810463161,9623600,David John,Andrea Jennifer Keel Steffes,David John,Altmiller Knowles,Medellin,Cll 124E  # 63B - 78E,netsfr@optonline.net,4272821,Andrea Jennifer Keel Steffes
130560142,2070891,Roberto Robert,Andrea Jennifer Keel Steffes,Roberto Robert,Baldrige Smith,Medellin,Cll 107E  # 70  - 3D,rfisher@icloud.com,4519223,Andrea Jennifer Keel Steffes
932712351,4051775,Randall Larry,Andrea Jennifer Keel Steffes,Randall Larry,Spell Poppel,Medellin,Cll 111D Sur# 80D - 33 ,nasarius@optonline.net,9718953,Andrea Jennifer Keel Steffes
586477594,5799725,Patrick Brad,Andrea Jennifer Keel Steffes,Patrick Brad,Beamon Germany,Medellin,Cll 49A Sur# 52  - 56D,milton@live.com,7932581,Andrea Jennifer Keel Steffes
686467276,5425185,Roy William,Sandra Eva Deluca Alexander,Roy William,Ledford Whipkey,Medellin,Cll 185A  # 72A - 42E,petersko@att.net,3505713,Sandra Eva Deluca Alexander
103471605,7189695,Susan Virginia,Sandra Eva Deluca Alexander,Susan Virginia,Furfaro Carson,Medellin,Cll 12C Sur# 51A - 33A,jsmith@me.com,9043907,Sandra Eva Deluca Alexander
56506078,8226428,Donnie William,Gigi Sharon Right Fey,Donnie William,Dossantos Ritter,Medellin,Cll 58D  # 89D - 33A,rogerspl@yahoo.ca,6292173,Gigi Sharon Right Fey
129570754,3610328,Kimberly Elizabeth,Gigi Sharon Right Fey,Kimberly Elizabeth,Hilton Evans,Medellin,Cll 73  Sur# 50D - 6C,jandrese@me.com,7568528,Gigi Sharon Right Fey
113553664,3312759,Ollie Barry,Gigi Sharon Right Fey,Ollie Barry,Hollingsworth Swaim,Medellin,Cll 194B Sur# 81E - 40D,pajas@optonline.net,7525084,Gigi Sharon Right Fey
962723819,5071311,Paul Frank,Gigi Sharon Right Fey,Paul Frank,Moultrie Tullis,Medellin,Cll 14C Sur# 41E - 18 ,tellis@hotmail.com,4125736,Gigi Sharon Right Fey
72591960,4509760,Shawnta Kristine,Maggie Carol Derosa Norcross,Shawnta Kristine,Hand Bond,Medellin,Cll 61  Sur# 85D - 61D,sakusha@me.com,9324550,Maggie Carol Derosa Norcross
169771578,6652933,Donna Monica,Maggie Carol Derosa Norcross,Donna Monica,Jenkins Duponte,Medellin,Cll 108B  # 74A - 83B,kingjoshi@sbcglobal.net,5906596,Maggie Carol Derosa Norcross
512184713,6766238,Matthew Stephen,Maggie Carol Derosa Norcross,Matthew Stephen,Halm Peterson,Medellin,Cll 108   # 35A - 84E,mcast@att.net,6113635,Maggie Carol Derosa Norcross
949609206,4179393,Margaret Virginia,Maggie Carol Derosa Norcross,Margaret Virginia,Chapa Harmon,Medellin,Cll 10E  # 95C - 47D,helger@live.com,5282702,Maggie Carol Derosa Norcross
305107564,5796240,Perry Gary,Maggie Carol Derosa Norcross,Perry Gary,Hogan Grigg,Medellin,Cll 182E  # 15A - 97B,kmself@aol.com,2805187,Maggie Carol Derosa Norcross
208620990,6625776,Donald William,Maggie Carol Derosa Norcross,Donald William,Vigil Fawbush,Medellin,Cll 82D Sur# 80B - 2 ,smcnabb@me.com,4401385,Maggie Carol Derosa Norcross
701368517,6608742,James Terry,Peter Jeremy Bruce Shelton,James Terry,Lotzer Freeman,Medellin,Cll 188E Sur# 44E - 17 ,kdawson@live.com,8693747,Peter Jeremy Bruce Shelton
1082297344,6146718,Megan Nina,Peter Jeremy Bruce Shelton,Megan Nina,Lee Hudson,Medellin,Cll 142C Sur# 49  - 1B,mwilson@hotmail.com,3614111,Peter Jeremy Bruce Shelton
270585865,1656989,Jared Michael,Peter Jeremy Bruce Shelton,Jared Michael,Miller Scerra,Medellin,Cll 177  Sur# 81A - 44 ,citadel@msn.com,6941537,Peter Jeremy Bruce Shelton
522411328,3340857,Vickie Lisa,Peter Jeremy Bruce Shelton,Vickie Lisa,Dickens Fackrell,Medellin,Cll 127B  # 38A - 39A,nachbaur@aol.com,7109360,Peter Jeremy Bruce Shelton
88986712,2416846,Jennie Paulette,Delores Barbara Mohan Hawes,Jennie Paulette,Lewis Schultz,Medellin,Cll 133B Sur# 52  - 64B,penna@sbcglobal.net,8341731,Delores Barbara Mohan Hawes
358230601,8494196,Alicia Jacqueline,Delores Barbara Mohan Hawes,Alicia Jacqueline,Hook Nieland,Medellin,Cll 132C Sur# 61A - 27D,dkrishna@mac.com,8636878,Delores Barbara Mohan Hawes
1034005714,6161020,Daniel Jacob,David Rodney Vrbka Edwards,Daniel Jacob,Latta Hixson,Medellin,Cll 78E  # 80  - 78D,zwood@verizon.net,7858935,David Rodney Vrbka Edwards
751934490,2403423,Israel David,David Rodney Vrbka Edwards,Israel David,Rich Kline,Medellin,Cll 47C Sur# 28B - 3D,cumarana@verizon.net,8364593,David Rodney Vrbka Edwards
700274079,5057066,William David,David Rodney Vrbka Edwards,William David,Williams Jordan,Medellin,Cll 14D  # 27C - 52B,hoyer@comcast.net,7230422,David Rodney Vrbka Edwards
883780194,1248188,Frank Wayne,Marshall David Tyrone Finnegan,Frank Wayne,Graber Mance,Barranquilla,Cll 126A Sur# 80D - 70B,neonatus@icloud.com,7683672,Marshall David Tyrone Finnegan
1107399807,6501494,Robin Anna,Marshall David Tyrone Finnegan,Robin Anna,Gilmore Fernandez,Barranquilla,Cll 181E Sur# 23C - 41C,mosses@verizon.net,9981570,Marshall David Tyrone Finnegan
148948366,2468955,Daniel William,Marshall David Tyrone Finnegan,Daniel William,Floyd Nevins,Barranquilla,Cll 59D  # 19A - 90A,rgarton@aol.com,4843598,Marshall David Tyrone Finnegan
870346838,7111187,Ann Jackie,Marshall David Tyrone Finnegan,Ann Jackie,Saysongkham Eichenlaub,Barranquilla,Cll 145E Sur# 68B - 70D,melnik@verizon.net,7452357,Marshall David Tyrone Finnegan
253668551,5572929,Mary Eddie,Michelle Amy James Parker,Mary Eddie,Huseman Tobias,Barranquilla,Cll 169A  # 13B - 32A,akoblin@yahoo.ca,6381751,Michelle Amy James Parker
148946810,7520327,Jack Bruce,Michelle Amy James Parker,Jack Bruce,Brzezowski Branch,Barranquilla,Cll 199D  # 55E - 51A,scitext@comcast.net,6843694,Michelle Amy James Parker
87076429,6047020,John Gregory,Michelle Amy James Parker,John Gregory,Webster Croy,Barranquilla,Cll 84C Sur# 90B - 59C,fhirsch@icloud.com,7602891,Michelle Amy James Parker
628678843,4583937,Victoria Jennie,Michelle Amy James Parker,Victoria Jennie,Kalama Zima,Barranquilla,Cll 209C Sur# 40D - 35D,alfred@verizon.net,5261155,Michelle Amy James Parker
459159465,6348407,Robert Kevin,Michelle Amy James Parker,Robert Kevin,Lozano Kelley,Barranquilla,Cll 200E  # 69C - 97D,kiddailey@msn.com,9160642,Michelle Amy James Parker
606189575,3194044,Domingo James,Michelle Amy James Parker,Domingo James,Marks Hanson,Barranquilla,Cll 217E Sur# 86E - 85B,snunez@verizon.net,2178940,Michelle Amy James Parker
831463440,6207086,Andrea Carmela,Priscilla Christine Herndon Johnson,Andrea Carmela,Foltz Diamond,Barranquilla,Cll 122C Sur# 83B - 46 ,ournews@verizon.net,1042150,Priscilla Christine Herndon Johnson
616296315,2972588,Jose Frank,Priscilla Christine Herndon Johnson,Jose Frank,Wang Bowman,Barranquilla,Cll 45B Sur# 20B - 33C,papathan@msn.com,1191462,Priscilla Christine Herndon Johnson
990308345,5801951,Anna Meredith,Joi Connie Tice Evans,Anna Meredith,Johnson Shattuck,Barranquilla,Cll 33  Sur# 52A - 21C,wkrebs@mac.com,1538735,Joi Connie Tice Evans
202541115,4130736,Salvador Richard,Joi Connie Tice Evans,Salvador Richard,Harder Little,Barranquilla,Cll 93  Sur# 13C - 1 ,geeber@me.com,3743490,Joi Connie Tice Evans
723703942,9108875,Kasey Lula,Ernest Robert Hudock Tallman,Kasey Lula,Morgan Robinson,Barranquilla,Cll 217C Sur# 24B - 1D,ngedmond@verizon.net,3368053,Ernest Robert Hudock Tallman
759235031,8287439,Douglas Rodney,Ernest Robert Hudock Tallman,Douglas Rodney,Baumer Brockhaus,Barranquilla,Cll 153D Sur# 83B - 26D,goresky@me.com,3809499,Ernest Robert Hudock Tallman
1067130369,8632974,Jennifer Kathrine,Ernest Robert Hudock Tallman,Jennifer Kathrine,Riche Archer,Barranquilla,Cll 120   # 82A - 47A,kuparine@outlook.com,5257767,Ernest Robert Hudock Tallman
271430066,2340341,Joseph David,Ernest Robert Hudock Tallman,Joseph David,Perkins Fox,Barranquilla,Cll 13  Sur# 91A - 2E,gamma@me.com,6177508,Ernest Robert Hudock Tallman
128623939,6787119,Patricia Lottie,Ernest Robert Hudock Tallman,Patricia Lottie,Seaton Fox,Barranquilla,Cll 168E  # 69C - 6 ,shazow@comcast.net,3844215,Ernest Robert Hudock Tallman
586549690,5282414,William James,Ernest Robert Hudock Tallman,William James,Johnson Combs,Barranquilla,Cll 27  Sur# 30  - 46D,munjal@aol.com,9714800,Ernest Robert Hudock Tallman
408585113,4788779,Lorraine Betsy,Candice Elda Roy Beavers,Lorraine Betsy,Keener Burnham,Barranquilla,Cll 4C  # 18A - 85C,maratb@icloud.com,6638212,Candice Elda Roy Beavers
501557776,1091457,Steve Craig,Candice Elda Roy Beavers,Steve Craig,Hall Mullins,Barranquilla,Cll 61A  # 61  - 28D,dalamb@optonline.net,6799898,Candice Elda Roy Beavers
837150024,6599751,Shawn Calvin,Candice Elda Roy Beavers,Shawn Calvin,Marshal Visher,Barranquilla,Cll 154A Sur# 42C - 100B,openldap@mac.com,4195775,Candice Elda Roy Beavers
140827553,8701579,Ronald Alan,Candice Elda Roy Beavers,Ronald Alan,Natcher Cram,Barranquilla,Cll 175   # 74D - 33A,drjlaw@aol.com,9541404,Candice Elda Roy Beavers
148360666,7483656,Renee Kathy,Candice Elda Roy Beavers,Renee Kathy,Diefenderfer Turner,Barranquilla,Cll 152D Sur# 69  - 21B,boein@me.com,7431688,Candice Elda Roy Beavers
424924926,9389890,Tony James,Valerie Louise Crumpler Rivera,Tony James,Sweeney Pace,Barranquilla,Cll 174B Sur# 79D - 9 ,multiplx@gmail.com,6089964,Valerie Louise Crumpler Rivera
164587594,2245135,Brian Greg,Valerie Louise Crumpler Rivera,Brian Greg,West Shipman,Barranquilla,Cll 130A Sur# 29C - 65 ,frederic@icloud.com,2642830,Valerie Louise Crumpler Rivera
287795751,5497230,Leroy Glenn,Valerie Louise Crumpler Rivera,Leroy Glenn,Gill Watkins,Barranquilla,Cll 229D  # 23A - 45A,luebke@verizon.net,6550457,Valerie Louise Crumpler Rivera
964012516,8930397,Vernon Edward,Valerie Louise Crumpler Rivera,Vernon Edward,Murphy Page,Barranquilla,Cll 65B Sur# 7  - 2B,gtaylor@att.net,9663463,Valerie Louise Crumpler Rivera
1076964463,1396747,Ryan Kevin,Ivette Debbie Mitchell Shackelford,Ryan Kevin,Destephen Hubbard,Barranquilla,Cll 97C  # 44C - 93C,flavell@hotmail.com,5304459,Ivette Debbie Mitchell Shackelford
559941599,5488641,Donald Jerry,Ivette Debbie Mitchell Shackelford,Donald Jerry,Pinard Shehan,Barranquilla,Cll 199B Sur# 68  - 20D,dkasak@msn.com,8021907,Ivette Debbie Mitchell Shackelford
457037973,4741861,Alexandria Julia,Ivette Debbie Mitchell Shackelford,Alexandria Julia,Orrick Parks,Barranquilla,Cll 15D  # 17C - 96C,konit@sbcglobal.net,4049984,Ivette Debbie Mitchell Shackelford
776879624,1050604,Ann Lacey,Lindsay Melissa Adams Lindeman,Ann Lacey,Butler Valadez,Barranquilla,Cll 110A Sur# 58E - 66A,cliffski@msn.com,8490082,Lindsay Melissa Adams Lindeman
765888553,7562793,Lloyd Gary,Lindsay Melissa Adams Lindeman,Lloyd Gary,Keown Fenderson,Barranquilla,Cll 226C Sur# 100D - 43B,djpig@sbcglobal.net,8342999,Lindsay Melissa Adams Lindeman
249654412,3075728,Joseph Gabriel,Lindsay Melissa Adams Lindeman,Joseph Gabriel,Robinson Sessions,Barranquilla,Cll 7C  # 83A - 30D,smallpaul@comcast.net,9440170,Lindsay Melissa Adams Lindeman
160050755,7054837,Jennifer Emily,Lindsay Melissa Adams Lindeman,Jennifer Emily,Bilder Hamlin,Barranquilla,Cll 128C Sur# 88B - 68E,houle@outlook.com,1579001,Lindsay Melissa Adams Lindeman
796995738,6372219,Jerry Michael,Lindsay Melissa Adams Lindeman,Jerry Michael,Mendoza Hamilton,Barranquilla,Cll 173D Sur# 64E - 55A,njpayne@icloud.com,9719846,Lindsay Melissa Adams Lindeman
902042901,4103670,Maria Maria,Lindsay Melissa Adams Lindeman,Maria Maria,Tanner Rester,Barranquilla,Cll 61B Sur# 30  - 54B,gregh@yahoo.com,5807447,Lindsay Melissa Adams Lindeman
846599636,2236247,Susan Janet,James Carlos Pointer Jordan,Susan Janet,Martinez Pearson,Barranquilla,Cll 81D  # 92C - 43D,niknejad@me.com,4333158,James Carlos Pointer Jordan
740213461,3075199,Robert Chad,James Carlos Pointer Jordan,Robert Chad,Grignon Sample,Barranquilla,Cll 70E  # 40B - 83 ,pedwards@optonline.net,9924339,James Carlos Pointer Jordan
176747612,2480719,Sean Ronald,James Carlos Pointer Jordan,Sean Ronald,Gordon Blanco,Barranquilla,Cll 127C Sur# 74B - 87A,mhouston@mac.com,2733739,James Carlos Pointer Jordan
824881718,9780252,Herbert Eddie,James Carlos Pointer Jordan,Herbert Eddie,Smith Phelan,Barranquilla,Cll 129E Sur# 7C - 70D,slaff@yahoo.ca,8691560,James Carlos Pointer Jordan
1005321656,9109512,Jeane Cherie,James Carlos Pointer Jordan,Jeane Cherie,Akers Reda,Barranquilla,Cll 190D Sur# 28A - 75D,grolschie@comcast.net,9480340,James Carlos Pointer Jordan
533505334,5261832,Thomas Richard,Casey Brenda Bates Sivak,Thomas Richard,Hurrell Nohel,Barranquilla,Cll 212D Sur# 61A - 2B,oracle@aol.com,6117357,Casey Brenda Bates Sivak
61563049,9616266,Beverly Amanda,Casey Brenda Bates Sivak,Beverly Amanda,Angel Bell,Barranquilla,Cll 16A Sur# 37E - 11B,fbriere@hotmail.com,5542665,Casey Brenda Bates Sivak
1042683938,8567080,Carrie Shirley,Casey Brenda Bates Sivak,Carrie Shirley,Webb Britton,Barranquilla,Cll 82E  # 4B - 67 ,seebs@outlook.com,2153597,Casey Brenda Bates Sivak
547457492,5151542,Mary Natasha,Casey Brenda Bates Sivak,Mary Natasha,Howard Karle,Barranquilla,Cll 216C  # 16E - 20A,singh@mac.com,9015186,Casey Brenda Bates Sivak
622857717,4951146,Frank David,Casey Brenda Bates Sivak,Frank David,Marron Tillman,Barranquilla,Cll 146D Sur# 83A - 76B,dsowsy@aol.com,3612395,Casey Brenda Bates Sivak
984443295,9420043,Carolyn Sandra,Casey Brenda Bates Sivak,Carolyn Sandra,Collins Wilder,Barranquilla,Cll 58A  # 70A - 53C,bdthomas@yahoo.com,6857330,Casey Brenda Bates Sivak
883314180,5617163,David Carl,Benjamin John Barnes Tulloch,David Carl,Bolick Garabedian,Barranquilla,Cll 191E Sur# 21  - 26C,amimojo@msn.com,2560911,Benjamin John Barnes Tulloch
1017985585,8037205,Brett Douglas,Benjamin John Barnes Tulloch,Brett Douglas,Laubhan Merz,Barranquilla,Cll 71A  # 90E - 10 ,cisugrad@live.com,5742810,Benjamin John Barnes Tulloch
301466525,5029190,Linda Tia,Benjamin John Barnes Tulloch,Linda Tia,Elwood Pierce,Barranquilla,Cll 106C Sur# 31  - 9A,marcs@icloud.com,5296623,Benjamin John Barnes Tulloch
917444521,4783906,Barbara Doris,Benjamin John Barnes Tulloch,Barbara Doris,Cato Hammack,Barranquilla,Cll 84D  # 75B - 40B,mhoffman@verizon.net,1024766,Benjamin John Barnes Tulloch
360151568,6360596,Tina Gail,William Barry Rison Bloomgren,Tina Gail,Mclean Holland,Barranquilla,Cll 223E Sur# 80C - 45C,panolex@hotmail.com,5138639,William Barry Rison Bloomgren
698835978,5432791,Philip David,William Barry Rison Bloomgren,Philip David,Parke Miller,Barranquilla,Cll 123  Sur# 50D - 50A,mddallara@msn.com,2921573,William Barry Rison Bloomgren
382801783,1948885,Clayton Wayne,April Ronnie Lee Mccormick,Clayton Wayne,Johnson Dupont,La Habana,Cll 113  Sur# 73D - 40A,starstuff@hotmail.com,2797399,April Ronnie Lee Mccormick
522685688,7963092,Norman Jerome,April Ronnie Lee Mccormick,Norman Jerome,Fannin Ericksen,La Habana,Cll 196B Sur# 47A - 69C,phyruxus@hotmail.com,5786081,April Ronnie Lee Mccormick
303670356,5946873,Jennifer Tonja,April Ronnie Lee Mccormick,Jennifer Tonja,Green Rodriguez,La Habana,Cll 57   # 54D - 23A,parkes@live.com,1303773,April Ronnie Lee Mccormick
395622039,3576310,Shawn Scott,April Ronnie Lee Mccormick,Shawn Scott,Fortin Speroni,La Habana,Cll 6A  # 26  - 69A,seano@outlook.com,5858914,April Ronnie Lee Mccormick
870953446,8370108,Clyde Carl,April Ronnie Lee Mccormick,Clyde Carl,Grosse Stecker,La Habana,Cll 134A  # 37  - 18 ,bachmann@live.com,4847863,April Ronnie Lee Mccormick
518876973,1594065,Shena Deborah,Glenna Kathy Klein Darling,Shena Deborah,Kirkland Williams,La Habana,Cll 75A  # 85A - 35C,thurston@me.com,8307745,Glenna Kathy Klein Darling
696278331,1468733,Gregory Eugene,Glenna Kathy Klein Darling,Gregory Eugene,Lewis Winsor,La Habana,Cll 76A  # 84B - 92 ,goresky@outlook.com,5774320,Glenna Kathy Klein Darling
47528999,4286923,David Stephen,Glenna Kathy Klein Darling,David Stephen,Davis Meyers,La Habana,Cll 30B Sur# 28E - 14B,rbarreira@comcast.net,9801264,Glenna Kathy Klein Darling
694280724,2853139,John John,Glenna Kathy Klein Darling,John John,Oconnell Brown,La Habana,Cll 174A  # 87E - 39D,brickbat@hotmail.com,9858584,Glenna Kathy Klein Darling
698014613,1096735,Neil Larry,Glenna Kathy Klein Darling,Neil Larry,Maria Hammond,La Habana,Cll 124E  # 4D - 43D,nullchar@verizon.net,9952131,Glenna Kathy Klein Darling
296045188,2762329,Brian Wilson,Leonard David Orem Wingate,Brian Wilson,Christensen Glover,La Habana,Cll 55A Sur# 16  - 46C,jschauma@outlook.com,2151612,Leonard David Orem Wingate
889993968,1607221,Ralph Bob,Leonard David Orem Wingate,Ralph Bob,Garza Graham,La Habana,Cll 137E Sur# 83D - 60E,gbacon@me.com,3789922,Leonard David Orem Wingate
510545897,4065141,Lisa Theresa,Leonard David Orem Wingate,Lisa Theresa,Troiano Brown,La Habana,Cll 28  Sur# 82A - 81A,ebassi@optonline.net,9746836,Leonard David Orem Wingate
832658942,5481105,Roger Paul,Leonard David Orem Wingate,Roger Paul,Keeney Kennerson,La Habana,Cll 225  Sur# 73D - 42B,novanet@att.net,2267918,Leonard David Orem Wingate
272757074,6317239,Doris Patricia,Leonard David Orem Wingate,Doris Patricia,Johnson London,La Habana,Cll 89B Sur# 60D - 60A,bwcarty@msn.com,4414913,Leonard David Orem Wingate
368524488,8511106,Juan Ken,Richard Steven Cosby Kelemen,Juan Ken,Austin Gage,La Habana,Cll 124C  # 6C - 15C,euice@att.net,8657300,Richard Steven Cosby Kelemen
995443281,5263195,Marie Lucille,Richard Steven Cosby Kelemen,Marie Lucille,Mori Sibert,La Habana,Cll 126D Sur# 23B - 61A,cparis@outlook.com,8043360,Richard Steven Cosby Kelemen
272065049,4978010,Samuel Richard,Richard Steven Cosby Kelemen,Samuel Richard,Orlando Dillman,La Habana,Cll 41E  # 61C - 27 ,cfhsoft@yahoo.ca,8752104,Richard Steven Cosby Kelemen
630152764,1389351,Luna Michelle,Richard Steven Cosby Kelemen,Luna Michelle,Higginson Seng,La Habana,Cll 10E  # 38A - 93E,lstein@sbcglobal.net,5574400,Richard Steven Cosby Kelemen
451113106,3059186,Misty Catherine,Brett Thomas Gronlund Fowler,Misty Catherine,Minarik Radke,Berlin,Cll 17C  # 12B - 29C,jguyer@att.net,2854207,Brett Thomas Gronlund Fowler
628350414,6697217,Mary Deana,Brett Thomas Gronlund Fowler,Mary Deana,Owen Jackson,Berlin,Cll 194C Sur# 77  - 62B,plover@optonline.net,7370336,Brett Thomas Gronlund Fowler
427129456,9693487,Kenneth David,Francisco Dean Morales Leone,Kenneth David,Dailey Gillard,Berlin,Cll 207C Sur# 51D - 41D,maradine@outlook.com,8191155,Francisco Dean Morales Leone
64049099,2891342,Kimberley Courtney,Francisco Dean Morales Leone,Kimberley Courtney,Wong Vent,Berlin,Cll 193B  # 66E - 39C,nweaver@yahoo.com,2561965,Francisco Dean Morales Leone
1104567399,9891214,David Michael,Francisco Dean Morales Leone,David Michael,Prater Williams,Berlin,Cll 213C  # 29A - 86 ,ntegrity@outlook.com,3404225,Francisco Dean Morales Leone
848618982,7230174,Byron Donald,Francisco Dean Morales Leone,Byron Donald,Griffo Bocanegra,Berlin,Cll 149A  # 77E - 41D,hedwig@live.com,1808004,Francisco Dean Morales Leone
231435131,2432029,Thelma Anita,Francisco Dean Morales Leone,Thelma Anita,Bliss Hood,Berlin,Cll 168E Sur# 19B - 5B,cisugrad@live.com,9515379,Francisco Dean Morales Leone
118514566,4628398,Margaret Dianne,Francisco Dean Morales Leone,Margaret Dianne,Rangel Carwell,Berlin,Cll 149E  # 95D - 46E,sethbrown@sbcglobal.net,7892597,Francisco Dean Morales Leone
593249722,4028345,Theron Cory,Mary Migdalia Hanson Gonzalez,Theron Cory,Cleckler Amos,Berlin,Cll 9A  # 30D - 19B,hling@outlook.com,7644272,Mary Migdalia Hanson Gonzalez
390078896,2524649,Edwin Lionel,Mary Migdalia Hanson Gonzalez,Edwin Lionel,Mouzon Curci,Berlin,Cll 149E Sur# 86A - 98A,ramollin@gmail.com,8901541,Mary Migdalia Hanson Gonzalez
765707058,2404085,Amy Barbara,Mary Migdalia Hanson Gonzalez,Amy Barbara,Long Ellis,Berlin,Cll 182   # 65A - 78B,flakeg@me.com,3261496,Mary Migdalia Hanson Gonzalez
538458630,3044586,Rico Miles,Mary Migdalia Hanson Gonzalez,Rico Miles,Serio Rakowski,Berlin,Cll 13D Sur# 53A - 94A,houle@verizon.net,2194767,Mary Migdalia Hanson Gonzalez
239522935,5272370,James David,Mary Migdalia Hanson Gonzalez,James David,Hug Young,Berlin,Cll 141C  # 56B - 48C,jonadab@optonline.net,5054252,Mary Migdalia Hanson Gonzalez
284357555,9592371,Sara Elizabeth,Andrew Kevin Wood Shephard,Sara Elizabeth,Johnson Shorter,Berlin,Cll 60  Sur# 42D - 20E,nighthawk@yahoo.com,4441930,Andrew Kevin Wood Shephard
676545441,9575285,Bonnie Ruby,Andrew Kevin Wood Shephard,Bonnie Ruby,Griffitts Mais,Berlin,Cll 98A Sur# 1C - 99 ,ajlitt@att.net,1672651,Andrew Kevin Wood Shephard
383586940,5105263,Renee Verna,Andrew Kevin Wood Shephard,Renee Verna,Swatzell Chancey,Berlin,Cll 132B  # 10E - 57 ,wkrebs@sbcglobal.net,2692671,Andrew Kevin Wood Shephard
587998647,9278899,Yvette Lisa,Andrew Kevin Wood Shephard,Yvette Lisa,Croft Pence,Berlin,Cll 15B  # 55A - 74D,lahvak@hotmail.com,1646780,Andrew Kevin Wood Shephard
407840655,7566280,Laura Julie,Andrew Kevin Wood Shephard,Laura Julie,Binion Smith,Berlin,Cll 100A  # 5B - 12C,delpino@msn.com,4352029,Andrew Kevin Wood Shephard
385597279,9369325,Stanley David,Andrew Kevin Wood Shephard,Stanley David,Stump Henderson,Berlin,Cll 162B Sur# 86D - 72D,dbindel@comcast.net,8934787,Andrew Kevin Wood Shephard
195052677,9749259,Cheryl Kathy,Victoria Dale Davis Wyman,Cheryl Kathy,Hutchens Reiner,Berlin,Cll 187E Sur# 65  - 57 ,drjlaw@mac.com,1632028,Victoria Dale Davis Wyman
980588130,6592601,Russ William,Victoria Dale Davis Wyman,Russ William,Thompson Mckinney,Berlin,Cll 156D  # 51D - 28A,tmaek@comcast.net,4014416,Victoria Dale Davis Wyman
41072045,7094812,Lee James,Victoria Dale Davis Wyman,Lee James,Clark Cowen,Berlin,Cll 217B Sur# 91E - 89A,jwarren@yahoo.ca,9273843,Victoria Dale Davis Wyman
680698582,4943129,Marlana Constance,Victoria Dale Davis Wyman,Marlana Constance,Batchelor Maki,Berlin,Cll 106D  # 87C - 3C,bdbrown@yahoo.com,3280606,Victoria Dale Davis Wyman
115009025,4681374,Kellie Barbara,Cheryl Helen Paget Hinton,Kellie Barbara,Hester Rubio,Berlin,Cll 201C  # 98A - 59D,seanq@me.com,3577238,Cheryl Helen Paget Hinton
273544176,1548894,Charlotte Donna,Cheryl Helen Paget Hinton,Charlotte Donna,Keck Anderson,Berlin,Cll 225E Sur# 59E - 21D,kramulous@icloud.com,3296298,Cheryl Helen Paget Hinton
672577074,7447168,Katherine Janice,Cheryl Helen Paget Hinton,Katherine Janice,Green Lucas,Berlin,Cll 214B Sur# 49B - 54E,jmcnamara@live.com,6035959,Cheryl Helen Paget Hinton
188895785,1327092,Johnny Kelly,Robert Joseph Petermann Schwartz,Johnny Kelly,Philipps Bullock,Berlin,Cll 2B Sur# 57D - 87D,satishr@me.com,4725203,Robert Joseph Petermann Schwartz
935602320,3596979,Amber Martha,Robert Joseph Petermann Schwartz,Amber Martha,Ferraro Smith,Berlin,Cll 1D  # 51B - 5A,skoch@sbcglobal.net,7405226,Robert Joseph Petermann Schwartz
912439173,2590469,Sean Henry,Robert Joseph Petermann Schwartz,Sean Henry,Ruiz Gentles,Berlin,Cll 103E  # 21A - 20 ,bdthomas@comcast.net,3619032,Robert Joseph Petermann Schwartz
1093652222,8287760,Benjamin Laurence,Freda Debra Barr Tew,Benjamin Laurence,Taylor Davis,Berlin,Cll 120E  # 98B - 46C,seemant@gmail.com,9835195,Freda Debra Barr Tew
880285268,7382003,Geneva Betty,Freda Debra Barr Tew,Geneva Betty,Alvord Flenard,Berlin,Cll 64A  # 29B - 19 ,gtaylor@verizon.net,7661228,Freda Debra Barr Tew
139106587,4070889,Roman Larry,Freda Debra Barr Tew,Roman Larry,Harvey Reed,Berlin,Cll 160E  # 87E - 58C,agapow@comcast.net,6867276,Freda Debra Barr Tew
627219861,2054500,Cynthia Concetta,Freda Debra Barr Tew,Cynthia Concetta,Ozaeta Mccollum,Berlin,Cll 66E  # 57D - 79 ,bwcarty@verizon.net,9654587,Freda Debra Barr Tew
345064265,4213833,Bruce Billy,Ella Sandra Angelo Chowenhill,Bruce Billy,Andersen Cortez,Berlin,Cll 170B Sur# 3A - 28D,kjetilk@optonline.net,8387301,Ella Sandra Angelo Chowenhill
987164091,9789212,Derrick Andres,Ella Sandra Angelo Chowenhill,Derrick Andres,Park Valdez,Berlin,Cll 1E  # 89B - 26 ,fudrucker@sbcglobal.net,2956590,Ella Sandra Angelo Chowenhill
804695517,2872895,Ayana Minnie,Ella Sandra Angelo Chowenhill,Ayana Minnie,Montz Modrak,Berlin,Cll 214A  # 2  - 92A,sonnen@comcast.net,2116824,Ella Sandra Angelo Chowenhill
208321253,2893064,Jamel Matthew,Ella Sandra Angelo Chowenhill,Jamel Matthew,Cole Moore,Berlin,Cll 11E Sur# 91E - 28E,cderoove@msn.com,6585317,Ella Sandra Angelo Chowenhill
274653117,6323886,Daryl Shirley,Ella Sandra Angelo Chowenhill,Daryl Shirley,Yardley Lee,Berlin,Cll 62E  # 40C - 85D,ylchang@att.net,5108895,Ella Sandra Angelo Chowenhill
478190805,1885109,Maria Margaret,Ella Sandra Angelo Chowenhill,Maria Margaret,Clemente Carlin,Berlin,Cll 31E Sur# 32D - 74A,juliano@yahoo.com,3663567,Ella Sandra Angelo Chowenhill
617431266,2027763,Denise Ann,Sam Edward Swims Johnson,Denise Ann,Norrix Hamilton,Berlin,Cll 117D Sur# 93C - 6B,dawnsong@yahoo.com,6350531,Sam Edward Swims Johnson
246339989,6882049,Albert Jesus,Sam Edward Swims Johnson,Albert Jesus,Miranda Ward,Berlin,Cll 139  Sur# 84C - 52A,naupa@yahoo.ca,8872401,Sam Edward Swims Johnson
1082051869,3435188,Annie Bonnie,Sam Edward Swims Johnson,Annie Bonnie,West Schwab,Berlin,Cll 166D Sur# 10E - 55B,mdielmann@verizon.net,8554660,Sam Edward Swims Johnson
121065874,4080368,Goldie Whitney,Brittney Mary White Rivera,Goldie Whitney,Chism Cook,Berlin,Cll 175C  # 23  - 26 ,crowl@msn.com,9431008,Brittney Mary White Rivera
432361699,4757483,Goldie Tina,Brittney Mary White Rivera,Goldie Tina,Tunney Tillman,Berlin,Cll 134B Sur# 29  - 64E,rbarreira@sbcglobal.net,7094134,Brittney Mary White Rivera
870103058,8373443,Ruth Christine,Ernest Daniel Bell Costain,Ruth Christine,Castro Cook,Berlin,Cll 101B  # 73D - 58C,frosal@mac.com,9623934,Ernest Daniel Bell Costain
223981130,7739092,James Victor,Ernest Daniel Bell Costain,James Victor,Kraft Mattlin,Berlin,Cll 152B  # 80E - 19D,thowell@att.net,9625510,Ernest Daniel Bell Costain
340369697,5197571,Cindy Myrtle,Ernest Daniel Bell Costain,Cindy Myrtle,Lehman Gower,Berlin,Cll 12E Sur# 6A - 65A,presoff@me.com,8603413,Ernest Daniel Bell Costain
293276604,1694203,Virginia Renee,Ernest Daniel Bell Costain,Virginia Renee,Clifton Foust,Berlin,Cll 35A Sur# 89  - 56E,luvirini@outlook.com,9543101,Ernest Daniel Bell Costain
91832610,1816556,Thelma Edna,Ann Amy Carthen King,Thelma Edna,Ortiz Chiarito,Berlin,Cll 111D  # 58E - 81A,osaru@gmail.com,2011361,Ann Amy Carthen King
950204486,8601825,James Fred,Ann Amy Carthen King,James Fred,Bowling Altman,Berlin,Cll 134A  # 57B - 30D,devphil@me.com,8118927,Ann Amy Carthen King
713678013,4953810,Amanda Mary,Ann Amy Carthen King,Amanda Mary,Bradshaw Walker,Berlin,Cll 218A  # 91D - 26A,dsugal@msn.com,1629510,Ann Amy Carthen King
682486784,3104580,Michael Oscar,Ann Amy Carthen King,Michael Oscar,Henderson Thompson,Berlin,Cll 126E Sur# 100B - 88C,heidrich@msn.com,4722887,Ann Amy Carthen King
1081310830,8168192,Helen Tammy,Harriette Katrina Campbell Ramos,Helen Tammy,Silva Klein,Copenhague,Cll 49C  # 11E - 78D,openldap@yahoo.ca,9803023,Harriette Katrina Campbell Ramos
211684202,2798339,James Efren,Harriette Katrina Campbell Ramos,James Efren,Vuong Ewell,Copenhague,Cll 87A  # 36A - 94E,smartfart@aol.com,2737736,Harriette Katrina Campbell Ramos
346092282,9296851,Edward Chris,Harriette Katrina Campbell Ramos,Edward Chris,Lee Klein,Copenhague,Cll 199C Sur# 1C - 49 ,danny@mac.com,7286174,Harriette Katrina Campbell Ramos
727567181,5436446,Rita Starr,Harriette Katrina Campbell Ramos,Rita Starr,Runyon Wright,Copenhague,Cll 28A  # 56A - 84D,hedwig@yahoo.ca,4193213,Harriette Katrina Campbell Ramos
569963842,3914094,Michael Erik,Harriette Katrina Campbell Ramos,Michael Erik,Jackson Eisman,Copenhague,Cll 12A  # 65E - 42C,morain@mac.com,6375554,Harriette Katrina Campbell Ramos
331859370,3025900,Larry Earl,Alice Jean Juarez Gipson,Larry Earl,Ganley Turner,Copenhague,Cll 77D  # 80B - 77D,aegreene@mac.com,3030034,Alice Jean Juarez Gipson
295881956,6487289,Dana Jennifer,Alice Jean Juarez Gipson,Dana Jennifer,Saunders Rodriguez,Copenhague,Cll 119B Sur# 62C - 20D,oechslin@mac.com,4322977,Alice Jean Juarez Gipson
352919626,8644531,Wesley Ralph,Alice Jean Juarez Gipson,Wesley Ralph,Ned Valenti,Copenhague,Cll 90E  # 50B - 67A,dbrobins@mac.com,2284841,Alice Jean Juarez Gipson
560483062,3037730,Brandon Adam,Alice Jean Juarez Gipson,Brandon Adam,Pires Ruiz,Copenhague,Cll 99C  # 93E - 86 ,dmiller@sbcglobal.net,9403718,Alice Jean Juarez Gipson
894251871,7506583,Maxine Angela,Alice Jean Juarez Gipson,Maxine Angela,Meath Dupes,Copenhague,Cll 23C Sur# 56B - 85C,sbmrjbr@mac.com,4454038,Alice Jean Juarez Gipson
831418602,9341332,Helen Ginny,Gregg Roy Knighten Pearson,Helen Ginny,Sanfilippo Cook,Copenhague,Cll 80B  # 71  - 37E,portele@att.net,3350061,Gregg Roy Knighten Pearson
494425636,2550843,Harris Harold,Gregg Roy Knighten Pearson,Harris Harold,Whitmire Walker,Copenhague,Cll 11B Sur# 46E - 79 ,kimvette@comcast.net,4469896,Gregg Roy Knighten Pearson
1003441467,6065221,Janet Delia,Gregg Roy Knighten Pearson,Janet Delia,Sanderson Tyson,Copenhague,Cll 145A  # 44E - 34 ,dwsauder@sbcglobal.net,1531700,Gregg Roy Knighten Pearson
1018504843,5742986,Jessica Virginia,Gregg Roy Knighten Pearson,Jessica Virginia,Bradley Winter,Copenhague,Cll 124B Sur# 68A - 50 ,intlprog@icloud.com,4951030,Gregg Roy Knighten Pearson
805996466,8534971,Charles Raymond,Gregg Roy Knighten Pearson,Charles Raymond,Brewer Kennedy,Copenhague,Cll 200C Sur# 66B - 92D,aegreene@outlook.com,2583381,Gregg Roy Knighten Pearson
736969947,9652823,Elizabeth Mary,Irena Susan John Moran,Elizabeth Mary,Macedo Hyatt,Copenhague,Cll 224B  # 16  - 36D,jespley@comcast.net,6940608,Irena Susan John Moran
579044154,9776972,Angela Emily,Irena Susan John Moran,Angela Emily,Harris Smith,Copenhague,Cll 97  Sur# 55  - 75D,gator@hotmail.com,4117099,Irena Susan John Moran
138651089,6821899,Mary Annalisa,Irena Susan John Moran,Mary Annalisa,Echols Thomas,Copenhague,Cll 82  Sur# 46C - 80B,sumdumass@aol.com,4597977,Irena Susan John Moran
571043400,9770237,Scott Daniel,Irena Susan John Moran,Scott Daniel,White Broadnax,Copenhague,Cll 204E Sur# 52A - 86D,geekgrl@mac.com,5330788,Irena Susan John Moran
420613024,2898732,Freda Gertrude,Irena Susan John Moran,Freda Gertrude,Hickerson Ware,Copenhague,Cll 182B Sur# 79E - 37 ,ahuillet@verizon.net,6314032,Irena Susan John Moran
680567642,8585569,Dennis Peter,Margaret Mary Perez Kwong,Dennis Peter,Chapa Deldonno,Copenhague,Cll 87  Sur# 58D - 32D,scottlee@icloud.com,6617968,Margaret Mary Perez Kwong
1055660690,8666829,Jerald Aaron,Margaret Mary Perez Kwong,Jerald Aaron,Lacy Mandel,Copenhague,Cll 111C  # 68  - 65C,tamas@msn.com,9692971,Margaret Mary Perez Kwong
744486537,7158226,Agustin Daniel,Margaret Mary Perez Kwong,Agustin Daniel,Connor Fitzpatrick,Copenhague,Cll 1A Sur# 100E - 80A,drolsky@aol.com,5933782,Margaret Mary Perez Kwong
924262592,7064608,Richard Victor,Margaret Mary Perez Kwong,Richard Victor,Scrudato Flinn,Copenhague,Cll 75   # 8B - 73D,mglee@icloud.com,1679990,Margaret Mary Perez Kwong
698479220,7325101,Dominic David,Patricia Anna Hartwell Jones,Dominic David,Stone Goodwin,Copenhague,Cll 188A Sur# 16B - 30A,nicktrig@yahoo.com,9569161,Patricia Anna Hartwell Jones
399665785,8612593,Walter Douglas,Patricia Anna Hartwell Jones,Walter Douglas,Frazier Cockrell,Copenhague,Cll 114A Sur# 69B - 50 ,tokuhirom@optonline.net,1689184,Patricia Anna Hartwell Jones
894262848,9996946,Claire Lottie,Patricia Anna Hartwell Jones,Claire Lottie,Moffett Stuck,Copenhague,Cll 128C Sur# 3C - 83B,frederic@yahoo.com,1744383,Patricia Anna Hartwell Jones
823770631,3476692,Christina Margaret,Patricia Anna Hartwell Jones,Christina Margaret,Harvilla Gambles,Copenhague,Cll 72E  # 10D - 3E,aardo@aol.com,8403778,Patricia Anna Hartwell Jones
620299526,7321879,Amalia Donna,Patricia Anna Hartwell Jones,Amalia Donna,Crum Alton,Copenhague,Cll 58C Sur# 15A - 18C,rnewman@mac.com,9748243,Patricia Anna Hartwell Jones
563198856,8765554,Mary Edna,Patricia Anna Hartwell Jones,Mary Edna,Kaufman Walker,Copenhague,Cll 228  Sur# 1B - 87 ,wmszeliga@mac.com,7350380,Patricia Anna Hartwell Jones
185158796,6941520,Valerie Maryjane,Louise Yolanda Levingston Russel,Valerie Maryjane,Holt Magallanes,Bilbao,Cll 44  Sur# 58C - 92 ,steve@hotmail.com,1800884,Louise Yolanda Levingston Russel
548464833,5626147,Douglas Peter,Louise Yolanda Levingston Russel,Douglas Peter,Crawford Widell,Bilbao,Cll 56E Sur# 12C - 90 ,bartak@msn.com,2427794,Louise Yolanda Levingston Russel
784755726,9848587,Richard Brian,Louise Yolanda Levingston Russel,Richard Brian,Shaefer Ellis,Bilbao,Cll 15C  # 48A - 90A,grothoff@hotmail.com,1209446,Louise Yolanda Levingston Russel
939737567,6043740,Clark Peter,Louise Yolanda Levingston Russel,Clark Peter,Major Moon,Bilbao,Cll 184D  # 55  - 80D,kayvonf@mac.com,9623635,Louise Yolanda Levingston Russel
301300272,8881539,Kenneth Ralph,Louise Yolanda Levingston Russel,Kenneth Ralph,Wallace Kinzer,Bilbao,Cll 139E  # 21  - 75B,evans@comcast.net,1253462,Louise Yolanda Levingston Russel
135960695,8487883,Jaime Catherine,Louise Yolanda Levingston Russel,Jaime Catherine,Root Kuhn,Bilbao,Cll 25C Sur# 26A - 17A,fallorn@optonline.net,8096635,Louise Yolanda Levingston Russel
460369651,9272322,Myrtle Debra,Jennifer Rebecca Helm Santistevan,Myrtle Debra,Inciong Harteau,Bilbao,Cll 228   # 19C - 4D,sravani@live.com,1172280,Jennifer Rebecca Helm Santistevan
893792842,2287778,Bradley Gerardo,Jennifer Rebecca Helm Santistevan,Bradley Gerardo,Baldwin Dellinger,Bilbao,Cll 111A Sur# 17C - 40B,henkp@hotmail.com,7256708,Jennifer Rebecca Helm Santistevan
311864259,3662409,Donna Linda,Robert Jerry Shuck Gerwitz,Donna Linda,Marchant Marquez,Bilbao,Cll 11C Sur# 54B - 9D,eurohack@gmail.com,3412980,Robert Jerry Shuck Gerwitz
511164457,9493404,Ricardo Gary,Robert Jerry Shuck Gerwitz,Ricardo Gary,Holly France,Bilbao,Cll 45C Sur# 85C - 94E,hedwig@gmail.com,6780213,Robert Jerry Shuck Gerwitz
832570587,4441191,Corinne Janice,Robert Jerry Shuck Gerwitz,Corinne Janice,Roth Wilcox,Bilbao,Cll 76  Sur# 63A - 70E,rasca@icloud.com,6191710,Robert Jerry Shuck Gerwitz
97168317,5230592,Peter Norman,Robert Jerry Shuck Gerwitz,Peter Norman,Bruns Barnes,Bilbao,Cll 210C  # 24C - 54B,birddog@mac.com,9123085,Robert Jerry Shuck Gerwitz
845742649,4024570,Mary Karen,Edna Kristen Campbell Carter,Mary Karen,Vaughn Forest,Bilbao,Cll 112E Sur# 51B - 58 ,simone@verizon.net,9516659,Edna Kristen Campbell Carter
618875846,2503156,Brian Lawrence,Edna Kristen Campbell Carter,Brian Lawrence,Gaston Saucedo,Bilbao,Cll 179A  # 31E - 29B,garyjb@aol.com,2078678,Edna Kristen Campbell Carter
68667634,6219288,Sharon Esther,Edna Kristen Campbell Carter,Sharon Esther,Murphy Summers,Bilbao,Cll 209  Sur# 98D - 3D,rgiersig@gmail.com,2338824,Edna Kristen Campbell Carter
1024138816,6183620,Barbara Ruby,Edna Kristen Campbell Carter,Barbara Ruby,Mcdonald Fogarty,Bilbao,Cll 167D Sur# 75D - 87E,gtewari@mac.com,7400541,Edna Kristen Campbell Carter
1055999735,8900510,Richard Thomas,Merle William Wilson Demarco,Richard Thomas,Richardson Coe,Bilbao,Cll 37B Sur# 16A - 50 ,mwitte@live.com,4238390,Merle William Wilson Demarco
113217973,1302246,Robin Angela,Merle William Wilson Demarco,Robin Angela,Konowal Cox,Bilbao,Cll 144   # 37D - 23A,wortmanj@att.net,4941862,Merle William Wilson Demarco
971115958,9747068,Patrice Jenee,Merle William Wilson Demarco,Patrice Jenee,Mabry Conway,Bilbao,Cll 139C  # 18  - 72E,sopwith@gmail.com,5391405,Merle William Wilson Demarco
1060051757,5883212,Henry Jeffrey,Merle William Wilson Demarco,Henry Jeffrey,Levitsky Billiter,Bilbao,Cll 179D Sur# 52E - 97D,graham@comcast.net,5326174,Merle William Wilson Demarco
1058107006,5980641,Autumn Mary,Merle William Wilson Demarco,Autumn Mary,Lovett Hawes,Bilbao,Cll 35A Sur# 50A - 47 ,pplinux@aol.com,4870169,Merle William Wilson Demarco
230146077,8268030,Harold Todd,Ron Neil Hughes Anderson,Harold Todd,Lee Jones,Bilbao,Cll 161A  # 3D - 1 ,dmath@yahoo.com,8743789,Ron Neil Hughes Anderson
401460069,9310405,Kimberly Maria,Ron Neil Hughes Anderson,Kimberly Maria,Lee Smith,Bilbao,Cll 88A Sur# 61E - 28B,meinkej@gmail.com,4990553,Ron Neil Hughes Anderson
154353709,4385666,Amanda Stacey,Ron Neil Hughes Anderson,Amanda Stacey,Hurst Eaves,Bilbao,Cll 33E  # 83C - 5C,stakasa@att.net,8062332,Ron Neil Hughes Anderson
157327046,9011337,Monica Debra,Ron Neil Hughes Anderson,Monica Debra,Monarez Rollins,Bilbao,Cll 192D Sur# 67C - 40C,sscorpio@verizon.net,5205100,Ron Neil Hughes Anderson
849607595,4815336,Mary Beatrice,Ron Neil Hughes Anderson,Mary Beatrice,Harr Manning,Bilbao,Cll 171A Sur# 28E - 22C,jamuir@comcast.net,9638620,Ron Neil Hughes Anderson
384819804,9867639,Howard Paul,Ron Neil Hughes Anderson,Howard Paul,Hollis Friend,Bilbao,Cll 199C  # 44B - 4C,burniske@hotmail.com,3085828,Ron Neil Hughes Anderson
342849774,9082005,Nathan Steven,Tanisha Jennifer Rios Davis,Nathan Steven,Jimenez Velasquez,Bilbao,Cll 9C  # 75A - 96D,draper@verizon.net,5651298,Tanisha Jennifer Rios Davis
728268153,5039998,Giovanni Warren,Tanisha Jennifer Rios Davis,Giovanni Warren,Gray Figueroa,Bilbao,Cll 39C  # 47D - 56C,hedwig@icloud.com,5050245,Tanisha Jennifer Rios Davis
751719224,9997965,Margaret Catherine,Warren Ramon Maloy Baker,Margaret Catherine,Athans Ramos,Bilbao,Cll 21E Sur# 31  - 82B,jaxweb@live.com,9529975,Warren Ramon Maloy Baker
775546730,6908136,Roxane Anna,Warren Ramon Maloy Baker,Roxane Anna,Frost Whitman,Bilbao,Cll 161B  # 40C - 55C,smeier@outlook.com,7536665,Warren Ramon Maloy Baker
841487923,1324782,Carol Pamela,Warren Ramon Maloy Baker,Carol Pamela,Sturges Botts,Bilbao,Cll 136E  # 38D - 86B,bjornk@live.com,5761653,Warren Ramon Maloy Baker
158163394,7602423,William Christopher,Warren Ramon Maloy Baker,William Christopher,Haugen Mccarver,Bilbao,Cll 99C  # 12E - 40D,jmgomez@comcast.net,7932763,Warren Ramon Maloy Baker
1102617910,8107338,Keri Carolyn,Warren Ramon Maloy Baker,Keri Carolyn,Robinson Crowley,Bilbao,Cll 181E Sur# 29C - 69D,fallorn@att.net,1309060,Warren Ramon Maloy Baker
334570183,9866261,John Anthony,Donald Ronald Lamb Thomas,John Anthony,Parson Gossett,Barcelona,Cll 163E  # 71B - 7A,moonlapse@comcast.net,9116230,Donald Ronald Lamb Thomas
969536553,4676199,Bernadette Theodora,Donald Ronald Lamb Thomas,Bernadette Theodora,Reese Jackson,Barcelona,Cll 198B Sur# 91E - 77D,weidai@aol.com,5930512,Donald Ronald Lamb Thomas
622197550,8361341,Sandra Elizabeth,Ashley Marsha Suggs Curry,Sandra Elizabeth,Grisby Sedlock,Barcelona,Cll 135E  # 14  - 15D,satch@sbcglobal.net,8284775,Ashley Marsha Suggs Curry
1087343246,2972109,Tina Gloria,Ashley Marsha Suggs Curry,Tina Gloria,Davis Miller,Barcelona,Cll 183C Sur# 58A - 14B,murty@yahoo.com,8204264,Ashley Marsha Suggs Curry
347292089,8147824,Alicia Frances,Ashley Marsha Suggs Curry,Alicia Frances,Miller Lavalle,Barcelona,Cll 145   # 42D - 20 ,yzheng@live.com,9765069,Ashley Marsha Suggs Curry
662339531,2756190,Leah Donna,Clair Eric Scroggins Jones,Leah Donna,Holsten Rumph,Barcelona,Cll 178   # 77C - 77E,dgriffith@att.net,3853316,Clair Eric Scroggins Jones
1000014552,2441584,John Eddie,Clair Eric Scroggins Jones,John Eddie,Liesmann Torres,Barcelona,Cll 197  Sur# 12D - 38 ,tjensen@gmail.com,2912710,Clair Eric Scroggins Jones
901552394,5960428,Cameron Ronald,Clair Eric Scroggins Jones,Cameron Ronald,Chesser Frix,Barcelona,Cll 13D  # 5A - 82E,ilikered@live.com,3006251,Clair Eric Scroggins Jones
240975056,5381639,Scott Lance,Everett Bradley Kirchner Menzies,Scott Lance,Lyons Gilbert,Barcelona,Cll 130   # 81B - 79C,sinkou@mac.com,6216093,Everett Bradley Kirchner Menzies
684785990,8322456,Sharon Cathern,Everett Bradley Kirchner Menzies,Sharon Cathern,Moore Guy,Barcelona,Cll 154  Sur# 69E - 31C,sopwith@att.net,1323528,Everett Bradley Kirchner Menzies
255173443,7711363,Jose Howard,Everett Bradley Kirchner Menzies,Jose Howard,Cunningham Anderson,Barcelona,Cll 146E  # 39B - 22C,howler@aol.com,9634693,Everett Bradley Kirchner Menzies
222541615,5240613,Don Mark,Everett Bradley Kirchner Menzies,Don Mark,Pete Green,Barcelona,Cll 55C  # 32A - 18E,munjal@optonline.net,1836050,Everett Bradley Kirchner Menzies
78268683,8125865,Marilyn Charlene,Corey Cecil Bostwick Robinson,Marilyn Charlene,Yeager Hollan,Barcelona,Cll 45D  # 40A - 37 ,carcus@outlook.com,5117356,Corey Cecil Bostwick Robinson
800147891,7983489,Jesus Charles,Corey Cecil Bostwick Robinson,Jesus Charles,Stevens Kain,Barcelona,Cll 31E  # 84E - 79 ,dmouse@optonline.net,9923658,Corey Cecil Bostwick Robinson
146357954,7749722,Pedro Thomas,Lynda Elizabeth Bouyer Palmer,Pedro Thomas,Sands Chatham,Barcelona,Cll 142A Sur# 85B - 94A,tmaek@comcast.net,7362536,Lynda Elizabeth Bouyer Palmer
663967257,6267764,Peggy Tara,Lynda Elizabeth Bouyer Palmer,Peggy Tara,Villarreal Tanner,Barcelona,Cll 78D Sur# 96A - 36C,boftx@verizon.net,7038535,Lynda Elizabeth Bouyer Palmer
1064332966,8059862,Eli Jose,Lynda Elizabeth Bouyer Palmer,Eli Jose,Booker Montgomery,Barcelona,Cll 139  Sur# 61E - 59B,choset@yahoo.ca,2680813,Lynda Elizabeth Bouyer Palmer
338821658,2862993,Darlene Nikita,Lynda Elizabeth Bouyer Palmer,Darlene Nikita,Looper Paquette,Barcelona,Cll 191D  # 60C - 30B,kempsonc@gmail.com,2541606,Lynda Elizabeth Bouyer Palmer
568513202,3820656,Gary Gary,Lynda Elizabeth Bouyer Palmer,Gary Gary,Short Motes,Barcelona,Cll 22A  # 81B - 95D,andersbr@comcast.net,9846944,Lynda Elizabeth Bouyer Palmer
125892977,5984267,Shirley Stacy,Lynda Elizabeth Bouyer Palmer,Shirley Stacy,Barnes Debaecke,Barcelona,Cll 12D Sur# 63C - 30D,elflord@yahoo.ca,9800064,Lynda Elizabeth Bouyer Palmer
576585127,6868157,Estella Virginia,Margaret Rachael Steward Junke,Estella Virginia,Pendleton Smith,Barcelona,Cll 223B  # 99B - 82D,brbarret@comcast.net,3329161,Margaret Rachael Steward Junke
460951430,7777630,Michael Steven,Margaret Rachael Steward Junke,Michael Steven,Rios Pascua,Barcelona,Cll 118E Sur# 42B - 81E,yangyan@yahoo.ca,4060486,Margaret Rachael Steward Junke
41616849,9992448,Vita Glenda,Wanda Kimberly Schepis Devlin,Vita Glenda,Sood Smith,Barcelona,Cll 22C Sur# 69A - 49 ,njpayne@att.net,4316253,Wanda Kimberly Schepis Devlin
535257178,3480927,David Robert,Wanda Kimberly Schepis Devlin,David Robert,Violette Goodman,Barcelona,Cll 209E  # 16E - 16B,retoh@sbcglobal.net,1566748,Wanda Kimberly Schepis Devlin
191417989,5154749,Thomas Dustin,Mary Deena Lautenschlage Capp,Thomas Dustin,Lynch Niceswander,Barcelona,Cll 15C Sur# 63B - 28B,bcevc@msn.com,7882571,Mary Deena Lautenschlage Capp
969507056,2222894,Jonathan Richard,Mary Deena Lautenschlage Capp,Jonathan Richard,Taylor Walker,Barcelona,Cll 41C Sur# 48B - 76B,gilmoure@icloud.com,2234462,Mary Deena Lautenschlage Capp
384538515,7329642,Cecile Lois,Mary Deena Lautenschlage Capp,Cecile Lois,Berger Vidal,Barcelona,Cll 145  Sur# 69  - 20C,policies@aol.com,9360990,Mary Deena Lautenschlage Capp
542919398,4155971,William Jacob,Steven Peter Barber Marple,William Jacob,Cooper Nicholson,Barcelona,Cll 166  Sur# 5A - 72D,thowell@yahoo.com,1985330,Steven Peter Barber Marple
404638760,7303751,Anthony William,Steven Peter Barber Marple,Anthony William,Hor Dockery,Barcelona,Cll 148B  # 51D - 7D,mallanmba@aol.com,5998271,Steven Peter Barber Marple
888106023,2926743,Fred Andrew,Steven Peter Barber Marple,Fred Andrew,Spencer Dickson,Barcelona,Cll 88C  # 78C - 35D,carmena@icloud.com,5340566,Steven Peter Barber Marple
642215416,7718409,Francisco Cameron,Steven Peter Barber Marple,Francisco Cameron,Walsh Bowes,Barcelona,Cll 176E  # 86  - 5D,goresky@gmail.com,8735879,Steven Peter Barber Marple
379113744,4715960,Kevin Kevin,Steven Peter Barber Marple,Kevin Kevin,Hamilton Johnson,Barcelona,Cll 128E Sur# 64B - 53B,hamilton@yahoo.ca,6444203,Steven Peter Barber Marple
211169254,4401720,Lai Peggy,Sadie Lupe Anderson Chavez,Lai Peggy,Mitchell Hayes,Barcelona,Cll 189B  # 12A - 12A,miltchev@yahoo.ca,9061652,Sadie Lupe Anderson Chavez
881760588,8262826,Casey Brian,Sadie Lupe Anderson Chavez,Casey Brian,Holt Peterson,Barcelona,Cll 85C  # 29D - 18 ,tbusch@outlook.com,4677338,Sadie Lupe Anderson Chavez
1028222617,3642245,Mary Tasha,Sadie Lupe Anderson Chavez,Mary Tasha,Logan Keith,Barcelona,Cll 203D  # 18A - 73 ,drhyde@optonline.net,4181995,Sadie Lupe Anderson Chavez
726294511,8264856,Linda Alice,Sadie Lupe Anderson Chavez,Linda Alice,Valente Duran,Barcelona,Cll 10E Sur# 18A - 1 ,jeteve@icloud.com,9935038,Sadie Lupe Anderson Chavez
613299423,7218217,Joe Robert,Sadie Lupe Anderson Chavez,Joe Robert,Daniel Ezpeleta,Barcelona,Cll 165C Sur# 39C - 92C,msusa@verizon.net,4253382,Sadie Lupe Anderson Chavez
845739618,3631950,Gerald Matthew,Sadie Lupe Anderson Chavez,Gerald Matthew,Thomas Poe,Barcelona,Cll 42B Sur# 24D - 74C,snunez@sbcglobal.net,4561508,Sadie Lupe Anderson Chavez
392870683,2730695,Deborah Patricia,Harold Robert Blay Hunt,Deborah Patricia,Spivey Modlin,Barcelona,Cll 195A Sur# 1  - 66A,glenz@aol.com,9816668,Harold Robert Blay Hunt
457557352,9242110,Kylie Jeannette,Harold Robert Blay Hunt,Kylie Jeannette,Wilson Morrison,Barcelona,Cll 191   # 27  - 55 ,tjensen@gmail.com,2635874,Harold Robert Blay Hunt
167188592,1217463,Lula Brandy,Harold Robert Blay Hunt,Lula Brandy,Kehres Hale,Barcelona,Cll 49D  # 34B - 80C,matthijs@sbcglobal.net,9586407,Harold Robert Blay Hunt
745621508,3515275,Marie Florence,Harold Robert Blay Hunt,Marie Florence,Skiles West,Barcelona,Cll 73D  # 70A - 8A,elflord@live.com,6592831,Harold Robert Blay Hunt
744783560,1496285,Elsie Jennifer,Harold Robert Blay Hunt,Elsie Jennifer,Wright Diaz,Barcelona,Cll 16A  # 61D - 60B,lamky@msn.com,6617701,Harold Robert Blay Hunt
872562437,7895355,Gene Charles,Russell James Hood Davis,Gene Charles,Mccormick Grau,Barcelona,Cll 128A Sur# 4A - 81D,munjal@sbcglobal.net,2339408,Russell James Hood Davis
350429528,4441023,Brent Arthur,Russell James Hood Davis,Brent Arthur,Zappala Lichty,Barcelona,Cll 177D Sur# 8B - 19 ,reziac@aol.com,1894124,Russell James Hood Davis
1090375882,4327167,Kim Charlotte,Carl Henry Carr Schaich,Kim Charlotte,Skidmore Young,Barcelona,Cll 138  Sur# 16D - 98C,maradine@gmail.com,9531229,Carl Henry Carr Schaich
486676227,1126007,Joe Earl,Carl Henry Carr Schaich,Joe Earl,Baumgardner Dean,Barcelona,Cll 146  Sur# 3E - 6A,bbirth@verizon.net,5071207,Carl Henry Carr Schaich
133371935,7611951,Joseph Carl,Carl Henry Carr Schaich,Joseph Carl,Haynes Rupe,Barcelona,Cll 55D Sur# 49A - 93D,delpino@msn.com,3151125,Carl Henry Carr Schaich
145277321,5047564,George John,Andrew William Ramos Mcgough,George John,Lau Szot,Barcelona,Cll 75C Sur# 66C - 43C,dobey@me.com,2759782,Andrew William Ramos Mcgough
588843966,4844113,James Theodore,Andrew William Ramos Mcgough,James Theodore,Jack Lopez,Barcelona,Cll 137E Sur# 5A - 22D,mfburgo@live.com,2097762,Andrew William Ramos Mcgough
1008753406,8732132,Maude Diann,Marta Alica Williams Rivett,Maude Diann,Casey Walker,Helsinki,Cll 174  Sur# 79E - 43E,marcs@comcast.net,7976891,Marta Alica Williams Rivett
728035215,8199598,Adelina Angela,Marta Alica Williams Rivett,Adelina Angela,Nicewander Hibbs,Helsinki,Cll 111A Sur# 47C - 82B,elmer@verizon.net,5481540,Marta Alica Williams Rivett
617287688,5182014,Yesenia Amanda,Thomas Joseph Valentine Heckert,Yesenia Amanda,Khan Revell,Helsinki,Cll 104B Sur# 63D - 91B,pemungkah@gmail.com,1045143,Thomas Joseph Valentine Heckert
366362557,8914611,Marsha Deborah,Thomas Joseph Valentine Heckert,Marsha Deborah,Seiter Frazer,Helsinki,Cll 9A Sur# 47A - 41C,bartak@icloud.com,7586405,Thomas Joseph Valentine Heckert
255277984,6712179,Donna Betty,Thomas Joseph Valentine Heckert,Donna Betty,Hippen Gibson,Helsinki,Cll 185C Sur# 65A - 11D,kjohnson@sbcglobal.net,8302370,Thomas Joseph Valentine Heckert
500587033,4781907,Sylvia Angie,Thomas Joseph Valentine Heckert,Sylvia Angie,Pane Mobley,Helsinki,Cll 10C Sur# 90C - 67B,bolow@aol.com,2645698,Thomas Joseph Valentine Heckert
296264976,1466819,Donna Laura,Thomas Joseph Valentine Heckert,Donna Laura,Young Schleck,Helsinki,Cll 117   # 16A - 68D,singh@gmail.com,4544784,Thomas Joseph Valentine Heckert
370305810,5376617,Maurice Jerry,Douglas Charles Denk White,Maurice Jerry,Gamble Hung,Helsinki,Cll 186B  # 58E - 82D,grothoff@optonline.net,7438489,Douglas Charles Denk White
970158710,9630266,Loretta Shirley,Douglas Charles Denk White,Loretta Shirley,Tamburo Simpkins,Helsinki,Cll 18E Sur# 79A - 92C,pspoole@outlook.com,5045338,Douglas Charles Denk White
976550137,1408956,Michael Joshua,Lavonne Carolyn Fulton Ogan,Michael Joshua,Williams Carter,Paris,Cll 71D  # 12B - 24A,seemant@me.com,2730832,Lavonne Carolyn Fulton Ogan
216051188,8121071,Clara Kathryn,Lavonne Carolyn Fulton Ogan,Clara Kathryn,Gibson Kight,Paris,Cll 26A Sur# 28  - 55D,jfriedl@outlook.com,1257124,Lavonne Carolyn Fulton Ogan
856201065,1450983,Joseph Eric,Lavonne Carolyn Fulton Ogan,Joseph Eric,Rosado Miller,Paris,Cll 14E  # 77E - 65B,bahwi@hotmail.com,5907402,Lavonne Carolyn Fulton Ogan
1039237914,6423015,Meagan Teresa,Lavonne Carolyn Fulton Ogan,Meagan Teresa,Thomas Barr,Paris,Cll 144E  # 39A - 83 ,martyloo@icloud.com,7366783,Lavonne Carolyn Fulton Ogan
931403173,8932448,Jay William,Laurie Kim Mills Larock,Jay William,Addiego Phillips,Paris,Cll 185D  # 77  - 77A,aprakash@hotmail.com,8443855,Laurie Kim Mills Larock
1091794329,7268104,Tara Linda,Laurie Kim Mills Larock,Tara Linda,Mcbryde Larson,Paris,Cll 21C Sur# 95A - 40B,munson@outlook.com,3975828,Laurie Kim Mills Larock
148626883,9993157,Sharon Jeanne,Laurie Kim Mills Larock,Sharon Jeanne,Quintero Mickey,Paris,Cll 104  Sur# 100C - 83A,osrin@msn.com,6311472,Laurie Kim Mills Larock
1075615730,9961780,Willie Justin,Karen Doris Quintanilla Lee,Willie Justin,Wells Gourley,Paris,Cll 132A Sur# 58A - 13A,starstuff@yahoo.ca,6566102,Karen Doris Quintanilla Lee
244409662,1334856,Christopher Glenn,Karen Doris Quintanilla Lee,Christopher Glenn,Thompson Stoops,Paris,Cll 107A  # 36D - 54C,alastair@mac.com,6419029,Karen Doris Quintanilla Lee
735008437,7406022,Heather Vanessa,Karen Doris Quintanilla Lee,Heather Vanessa,Nerad Bowen,Paris,Cll 93   # 31C - 37B,agolomsh@mac.com,5062016,Karen Doris Quintanilla Lee
121510265,3570029,Melina Lisa,Karen Doris Quintanilla Lee,Melina Lisa,Martin Smith,Paris,Cll 29   # 80D - 44C,sblack@mac.com,4474146,Karen Doris Quintanilla Lee
953093381,1777877,Gregory Charles,Karen Doris Quintanilla Lee,Gregory Charles,Rhead Montford,Paris,Cll 198D Sur# 28  - 89 ,jbryan@hotmail.com,9472958,Karen Doris Quintanilla Lee
833691340,3206674,Matthew Miles,Wayne Jessie Pernell Reimold,Matthew Miles,Emmett Tucker,Paris,Cll 181D Sur# 91C - 91C,anicolao@yahoo.com,6761297,Wayne Jessie Pernell Reimold
564665835,1356733,Norman Kenneth,Wayne Jessie Pernell Reimold,Norman Kenneth,Owens Davis,Paris,Cll 163B Sur# 9D - 88D,seano@yahoo.com,8791555,Wayne Jessie Pernell Reimold
543989553,9114995,Denise Marie,Wayne Jessie Pernell Reimold,Denise Marie,Harley Kirkpatrick,Paris,Cll 16E  # 32C - 21 ,nanop@gmail.com,7914373,Wayne Jessie Pernell Reimold
1106210854,8235749,Elmer James,Ola Beth Berry Barcia,Elmer James,Thomas Goodman,Paris,Cll 210   # 45A - 90E,zwood@sbcglobal.net,3657057,Ola Beth Berry Barcia
672849957,4106562,Maria Marilyn,Ola Beth Berry Barcia,Maria Marilyn,Tate Dorsey,Paris,Cll 185   # 66A - 13A,oracle@verizon.net,8712498,Ola Beth Berry Barcia
208183046,8411870,James Adam,Ola Beth Berry Barcia,James Adam,Cipkowski King,Paris,Cll 185E Sur# 7C - 9C,bancboy@gmail.com,9828220,Ola Beth Berry Barcia
728131026,4805440,Christopher Allen,Ola Beth Berry Barcia,Christopher Allen,Werner Barnes,Paris,Cll 149D  # 45D - 19A,jpflip@att.net,8905999,Ola Beth Berry Barcia
357205397,7748612,Bernice Bette,Ola Beth Berry Barcia,Bernice Bette,Schell Lee,Paris,Cll 207D  # 45D - 8A,galbra@yahoo.com,4328614,Ola Beth Berry Barcia
321812348,9878761,Curtis Thomas,Tracy Mary Stonge Shute,Curtis Thomas,Hall Streicher,Paris,Cll 172E Sur# 51B - 4 ,mpiotr@gmail.com,7447447,Tracy Mary Stonge Shute
574079093,1726305,Scott Robert,Tracy Mary Stonge Shute,Scott Robert,Mcdaniel Anderson,Paris,Cll 23B  # 33E - 1E,sassen@mac.com,6083477,Tracy Mary Stonge Shute
478757730,9076105,Antonio Henry,Tracy Mary Stonge Shute,Antonio Henry,Green Rhodes,Paris,Cll 191   # 57E - 87A,fwitness@sbcglobal.net,1367516,Tracy Mary Stonge Shute
785096598,3357894,Bessie Linda,Tracy Mary Stonge Shute,Bessie Linda,Norris Lee,Paris,Cll 85   # 79A - 37 ,moinefou@comcast.net,3745694,Tracy Mary Stonge Shute
80191299,3996839,Thomas Dominick,Tracy Mary Stonge Shute,Thomas Dominick,Ludlam Howland,Paris,Cll 85C  # 91B - 7C,eminence@comcast.net,3764506,Tracy Mary Stonge Shute
651020389,3666026,April Rhonda,Michael Christian Mccray Evans,April Rhonda,Gutierrez Whitcher,Paris,Cll 40   # 37A - 59E,stefano@gmail.com,2864389,Michael Christian Mccray Evans
356670377,9184640,Raymond Nicholas,Michael Christian Mccray Evans,Raymond Nicholas,Bush Painter,Paris,Cll 122B Sur# 88A - 43E,fraterk@live.com,1822182,Michael Christian Mccray Evans
765053802,1999796,Tammy Miriam,Michael Christian Mccray Evans,Tammy Miriam,Guay Lozano,Paris,Cll 153C  # 5  - 47E,shazow@yahoo.com,3225265,Michael Christian Mccray Evans
42294900,7137633,Tamra Jenny,Michael Christian Mccray Evans,Tamra Jenny,Meyer Davis,Paris,Cll 179E  # 95A - 21D,tlinden@hotmail.com,4514246,Michael Christian Mccray Evans
445824549,7032827,David Daniel,Michael Christian Mccray Evans,David Daniel,Campbell Dunkel,Paris,Cll 77E Sur# 78A - 62A,gavinls@att.net,1261806,Michael Christian Mccray Evans
705143385,4859174,Willian Mark,Michael Christian Mccray Evans,Willian Mark,Harpin James,Paris,Cll 93  Sur# 79  - 57B,vsprintf@comcast.net,5149567,Michael Christian Mccray Evans
759446944,8387173,Mark Adam,Ruby Lisa Mills Pond,Mark Adam,Gloeckner Mcgee,Paris,Cll 97   # 54  - 95A,heine@me.com,3894972,Ruby Lisa Mills Pond
198314254,3076353,Luis Randy,Ruby Lisa Mills Pond,Luis Randy,Walker Belcher,Paris,Cll 17  Sur# 99B - 27 ,neonatus@comcast.net,3883593,Ruby Lisa Mills Pond
738454129,5952526,Mary Vanessa,Frankie Kenneth Eoff Mcluen,Mary Vanessa,Wolfgram Baldwin,Paris,Cll 142A  # 68  - 15A,martink@gmail.com,7315437,Frankie Kenneth Eoff Mcluen
539416620,2437166,Ruben Damon,Frankie Kenneth Eoff Mcluen,Ruben Damon,Benham Kitts,Paris,Cll 193E  # 7C - 57D,bmidd@comcast.net,1215688,Frankie Kenneth Eoff Mcluen
299327081,8908521,Randy Oliver,Frankie Kenneth Eoff Mcluen,Randy Oliver,Bradford Peters,Paris,Cll 207C Sur# 58B - 84 ,kmself@verizon.net,2453722,Frankie Kenneth Eoff Mcluen
181470567,9993436,Michael Samuel,Frankie Kenneth Eoff Mcluen,Michael Samuel,Dyches Mckendrick,Paris,Cll 220C Sur# 89B - 44 ,esasaki@verizon.net,6893874,Frankie Kenneth Eoff Mcluen
172132888,3030122,Betty Margaret,Frankie Kenneth Eoff Mcluen,Betty Margaret,Hightower Anderson,Paris,Cll 79B Sur# 59E - 19 ,mcraigw@me.com,3072651,Frankie Kenneth Eoff Mcluen
430940991,8841068,Amanda Rosalinda,Frankie Kenneth Eoff Mcluen,Amanda Rosalinda,Haile Duponte,Paris,Cll 3A Sur# 35E - 89 ,yenya@hotmail.com,5357751,Frankie Kenneth Eoff Mcluen
1091094010,6296227,Mark Maria,Timothy Joe Fogg Engemann,Mark Maria,Cordoba Marta,Paris,Cll 125A  # 80D - 26E,louise@verizon.net,2585587,Timothy Joe Fogg Engemann
758847008,5993095,Kathleen Gracie,Timothy Joe Fogg Engemann,Kathleen Gracie,Register Colliver,Paris,Cll 216D Sur# 64D - 57D,fangorn@icloud.com,5987523,Timothy Joe Fogg Engemann
925371598,7380761,Louis Duane,Timothy Joe Fogg Engemann,Louis Duane,Bowmer Tenneson,Paris,Cll 92  Sur# 86E - 79D,dmath@att.net,9048457,Timothy Joe Fogg Engemann
304923119,7120892,Sonya Mae,Timothy Joe Fogg Engemann,Sonya Mae,Petitti Yarboro,Paris,Cll 70E  # 85B - 69D,bescoto@sbcglobal.net,6727429,Timothy Joe Fogg Engemann
726435876,6995594,Christopher Anthony,Timothy Joe Fogg Engemann,Christopher Anthony,Scott Dotson,Paris,Cll 129   # 25B - 90 ,fukuchi@icloud.com,9835929,Timothy Joe Fogg Engemann
1041912686,7544071,Robin Karin,Ronda Patricia Peres Stoffregen,Robin Karin,Pittman Cardin,Paris,Cll 59D  # 2A - 41B,moinefou@att.net,4794051,Ronda Patricia Peres Stoffregen
1064568723,3367438,Luke Todd,Ronda Patricia Peres Stoffregen,Luke Todd,West Jones,Paris,Cll 116B  # 91A - 36 ,smallpaul@yahoo.ca,3392862,Ronda Patricia Peres Stoffregen
330179093,2140066,Marie Sherry,Ronda Patricia Peres Stoffregen,Marie Sherry,Yamaguchi Thier,Paris,Cll 139D Sur# 82E - 5A,gboss@live.com,6229351,Ronda Patricia Peres Stoffregen
1041016711,8844317,Joseph Richard,James Todd Collins Riley,Joseph Richard,Sorenson Hammon,Paris,Cll 175D Sur# 72E - 62D,parasite@comcast.net,4136648,James Todd Collins Riley
214262740,1001857,Eddie Christopher,James Todd Collins Riley,Eddie Christopher,Wells Bickham,Paris,Cll 4A  # 18A - 54B,cisugrad@gmail.com,7839526,James Todd Collins Riley
1086600387,8790470,William Chris,James Todd Collins Riley,William Chris,Inman Brown,Paris,Cll 178D Sur# 35A - 62A,knorr@outlook.com,8613654,James Todd Collins Riley
244505052,8690917,Ruth Jeanine,Christopher Brad Martin Glidewell,Ruth Jeanine,Featherstone Cole,Paris,Cll 185E  # 57  - 90E,tlinden@live.com,6220525,Christopher Brad Martin Glidewell
355223082,6213045,Chad Ron,Christopher Brad Martin Glidewell,Chad Ron,Perez Huether,Paris,Cll 87  Sur# 53A - 95A,themer@sbcglobal.net,3301230,Christopher Brad Martin Glidewell
350583126,9906167,John Charlie,Christopher Brad Martin Glidewell,John Charlie,Pauley Hurt,Paris,Cll 208A  # 86B - 93C,trieuvan@yahoo.com,3227925,Christopher Brad Martin Glidewell
129859868,1773352,Jennifer Loretta,Christopher Brad Martin Glidewell,Jennifer Loretta,Villa Birkey,Paris,Cll 223D Sur# 6A - 46E,aardo@icloud.com,2720673,Christopher Brad Martin Glidewell
491207082,1709572,Lena Teresa,Samantha Angie Bissonnette Drumheller,Lena Teresa,Grady Dagel,Paris,Cll 1  Sur# 92A - 6D,dialworld@live.com,3992070,Samantha Angie Bissonnette Drumheller
458108486,4941601,Kirk Michael,Samantha Angie Bissonnette Drumheller,Kirk Michael,Sparks Kramer,Paris,Cll 129B  # 79  - 20 ,dbrobins@live.com,8195756,Samantha Angie Bissonnette Drumheller
854426119,1986592,Willie Steven,Samantha Angie Bissonnette Drumheller,Willie Steven,Rose Matley,Paris,Cll 25D Sur# 8D - 92D,mxiao@gmail.com,6779080,Samantha Angie Bissonnette Drumheller
746152894,6045163,Roland Albert,Samantha Angie Bissonnette Drumheller,Roland Albert,Grant Taylor,Paris,Cll 27E Sur# 60  - 19D,aprakash@live.com,1449242,Samantha Angie Bissonnette Drumheller
793108982,9734673,Donna Christine,Samantha Angie Bissonnette Drumheller,Donna Christine,Brown Elmer,Paris,Cll 211E Sur# 17E - 13C,hling@att.net,5874461,Samantha Angie Bissonnette Drumheller
889525229,3633441,Iris Linda,Samantha Angie Bissonnette Drumheller,Iris Linda,Broadnax Edwards,Paris,Cll 155D  # 100D - 55A,scarolan@live.com,9200773,Samantha Angie Bissonnette Drumheller
209472479,9659441,Elizabeth Yolanda,Charles Kenneth Lagrimas Shields,Elizabeth Yolanda,Hartness Baiz,Paris,Cll 186D Sur# 98D - 56E,raides@verizon.net,6768282,Charles Kenneth Lagrimas Shields
1007639015,6040563,Carol Sarai,Charles Kenneth Lagrimas Shields,Carol Sarai,Ballinger Diaz,Paris,Cll 209D Sur# 20  - 10B,mfburgo@yahoo.com,8357213,Charles Kenneth Lagrimas Shields
203857471,9152447,Ralph Ernest,Charles Kenneth Lagrimas Shields,Ralph Ernest,Budreau Abreu,Paris,Cll 52C  # 95B - 7D,malin@outlook.com,1298599,Charles Kenneth Lagrimas Shields
1042208447,5310332,David James,David George Givens Howell,David James,Griffin Mora,Paris,Cll 25D Sur# 58E - 1E,notaprguy@verizon.net,9059658,David George Givens Howell
62509919,6070730,Melvin Benedict,David George Givens Howell,Melvin Benedict,Banks Stone,Paris,Cll 204B  # 17D - 9B,gospodin@live.com,8752080,David George Givens Howell
702580372,9442475,Larry Robert,Hattie Agripina Hensley Weber,Larry Robert,Lambert Baldwin,Paris,Cll 29   # 3D - 92C,rasca@optonline.net,6517337,Hattie Agripina Hensley Weber
529642776,6946043,Dean Chuck,Hattie Agripina Hensley Weber,Dean Chuck,Edenfield Segars,Paris,Cll 94C Sur# 81A - 55D,unreal@hotmail.com,9898999,Hattie Agripina Hensley Weber
937838055,8005556,Walter Dan,Hattie Agripina Hensley Weber,Walter Dan,Alcorn Payton,Paris,Cll 129B Sur# 14A - 88C,mwilson@icloud.com,6712814,Hattie Agripina Hensley Weber
798699715,1119106,Patricia Cindy,Hattie Agripina Hensley Weber,Patricia Cindy,Moronta Moore,Paris,Cll 140B  # 43C - 29C,wilsonpm@verizon.net,2134552,Hattie Agripina Hensley Weber
453679282,5280691,Delila Lois,Hattie Agripina Hensley Weber,Delila Lois,Atkins Corey,Paris,Cll 42B  # 77C - 60E,esbeck@icloud.com,5678113,Hattie Agripina Hensley Weber
824014156,8290233,Ronnie William,Ella Pamella Seaver Statum,Ronnie William,Michaels Lovell,Paris,Cll 219B Sur# 40C - 68E,rcwil@sbcglobal.net,2761246,Ella Pamella Seaver Statum
878332284,1659311,Dorothy Morgan,Ella Pamella Seaver Statum,Dorothy Morgan,Brown Adams,Paris,Cll 132  Sur# 72A - 32B,cremonini@yahoo.ca,7819579,Ella Pamella Seaver Statum
1013007185,8503089,Thomas Jody,Ella Pamella Seaver Statum,Thomas Jody,Mather Ylonen,Paris,Cll 92B Sur# 36C - 98 ,treit@yahoo.ca,7049017,Ella Pamella Seaver Statum
234118314,2759264,Debra Wanda,Ella Pamella Seaver Statum,Debra Wanda,Kleinschmidt Hickman,Paris,Cll 91B Sur# 87D - 14E,seanq@live.com,1342444,Ella Pamella Seaver Statum
501384892,6119171,Teresa Ranee,Brittany Jalisa Villanvera Elwood,Teresa Ranee,Tyus Conner,Londres,Cll 210C  # 96D - 71A,staffelb@msn.com,1355975,Brittany Jalisa Villanvera Elwood
1016507192,5091626,Kristina Julia,Brittany Jalisa Villanvera Elwood,Kristina Julia,Hemmer Carter,Londres,Cll 146A  # 60  - 27D,oevans@optonline.net,2669237,Brittany Jalisa Villanvera Elwood
654216262,3266200,Misty Teresa,Brittany Jalisa Villanvera Elwood,Misty Teresa,Huling Hellwig,Londres,Cll 30E Sur# 20C - 89D,mwitte@aol.com,3052231,Brittany Jalisa Villanvera Elwood
784844117,1139384,Katherine Elizabeth,Brittany Jalisa Villanvera Elwood,Katherine Elizabeth,Graff Gomez,Londres,Cll 191B Sur# 52B - 7 ,jeteve@aol.com,6232662,Brittany Jalisa Villanvera Elwood
772797730,4838654,Joycelyn Frances,Donald Peter Labranche Clark,Joycelyn Frances,Hummel Dunn,Londres,Cll 44D Sur# 24C - 97A,kjohnson@aol.com,1218173,Donald Peter Labranche Clark
1017321598,2968138,Samuel Scott,Donald Peter Labranche Clark,Samuel Scott,Eaton Clark,Londres,Cll 65E  # 86  - 7 ,juerd@att.net,8216566,Donald Peter Labranche Clark
897875035,7514335,Samuel Carl,Donald Peter Labranche Clark,Samuel Carl,Guillotte Mcintosh,Londres,Cll 202B Sur# 1B - 81C,spadkins@me.com,4860192,Donald Peter Labranche Clark
936495556,2324865,Paul Ronald,Donald Peter Labranche Clark,Paul Ronald,Rose Hunter,Londres,Cll 47   # 43C - 54A,iapetus@hotmail.com,6531241,Donald Peter Labranche Clark
784903696,9918791,Bruce Bernard,Donald Peter Labranche Clark,Bruce Bernard,Sellers Rodgers,Londres,Cll 143B Sur# 51C - 66A,themer@optonline.net,2796311,Donald Peter Labranche Clark
623916037,2005862,Daniel Lawrence,Donald Peter Labranche Clark,Daniel Lawrence,Moore Blair,Londres,Cll 168E  # 93D - 25E,bancboy@me.com,8469239,Donald Peter Labranche Clark
902977186,4534157,John Jacob,Chantell Carrol Cuffie Romano,John Jacob,Mora Banas,Londres,Cll 189C Sur# 26B - 68 ,willg@gmail.com,2939098,Chantell Carrol Cuffie Romano
277288229,5074964,John Phillip,Chantell Carrol Cuffie Romano,John Phillip,Donahue Jackson,Londres,Cll 230C Sur# 19C - 73B,frosal@icloud.com,9704399,Chantell Carrol Cuffie Romano
62587557,7208774,Ruth Jordan,Louis Reginald Urbanski Chism,Ruth Jordan,Hilgert Heroman,Londres,Cll 123C Sur# 11C - 77D,ghost@verizon.net,2910575,Louis Reginald Urbanski Chism
213989466,5137296,Monica Patricia,Louis Reginald Urbanski Chism,Monica Patricia,Price Gardner,Londres,Cll 133B  # 31B - 28A,papathan@comcast.net,4599390,Louis Reginald Urbanski Chism
849068181,8330498,Ronald Ian,Louis Reginald Urbanski Chism,Ronald Ian,Smith Huntsberger,Londres,Cll 53C  # 40E - 2D,niknejad@comcast.net,8984337,Louis Reginald Urbanski Chism
338816305,7549353,Deborah Theresa,Ronald Eddie Kou Holst,Deborah Theresa,Cornelius Bernardy,Londres,Cll 106D  # 48E - 42B,ilial@mac.com,7260179,Ronald Eddie Kou Holst
980421229,7629118,Ricky Joshua,Ronald Eddie Kou Holst,Ricky Joshua,Powell Blalock,Londres,Cll 230  Sur# 37D - 26E,isaacson@optonline.net,4422825,Ronald Eddie Kou Holst
734995830,2857658,Sarah Lena,Ann Amelia Wall Knight,Sarah Lena,Herrera Warnack,Londres,Cll 31C  # 37A - 96E,jpflip@hotmail.com,6010559,Ann Amelia Wall Knight
1038342403,2741328,Eloisa Audrey,Ann Amelia Wall Knight,Eloisa Audrey,Honea Leavell,Londres,Cll 102B  # 83E - 64C,seano@outlook.com,1732343,Ann Amelia Wall Knight
714441979,7211638,Thelma Lori,Ann Amelia Wall Knight,Thelma Lori,Bolton Bunch,Londres,Cll 3C  # 52B - 17 ,jschauma@mac.com,5408669,Ann Amelia Wall Knight
249357841,1797506,Roderick Raphael,Ann Amelia Wall Knight,Roderick Raphael,Bishop Vidal,Londres,Cll 116E Sur# 100C - 91A,studyabr@outlook.com,5808685,Ann Amelia Wall Knight
750677103,6721146,Altagracia Georgia,Ann Amelia Wall Knight,Altagracia Georgia,Cardella Lombardo,Londres,Cll 146D  # 9  - 30 ,eurohack@live.com,4710258,Ann Amelia Wall Knight
735966222,6961839,Robert Michael,Carmella Kristie Dove Grace,Robert Michael,Prinz Brooks,Londres,Cll 210E Sur# 1A - 20B,hling@gmail.com,6793775,Carmella Kristie Dove Grace
1007353864,1179847,Louann Christina,Carmella Kristie Dove Grace,Louann Christina,Feliciano Welk,Londres,Cll 169E  # 87B - 74A,sacraver@verizon.net,7071679,Carmella Kristie Dove Grace
977848440,3090087,Jenifer Melinda,Carmella Kristie Dove Grace,Jenifer Melinda,Sanders Wheaton,Londres,Cll 22C Sur# 98  - 90 ,fglock@mac.com,1842965,Carmella Kristie Dove Grace
703824777,9586499,Marcia Hazel,Carmella Kristie Dove Grace,Marcia Hazel,Bridwell Osdoba,Londres,Cll 25C Sur# 16A - 80E,miyop@optonline.net,5311065,Carmella Kristie Dove Grace
532227508,9597431,Daniel Angelo,Carmella Kristie Dove Grace,Daniel Angelo,Ostler Pere,Londres,Cll 206  Sur# 43B - 13 ,larry@verizon.net,5240871,Carmella Kristie Dove Grace
356533320,5624555,Jennifer Nell,Carmella Kristie Dove Grace,Jennifer Nell,Mckenney Ledesma,Londres,Cll 37A  # 93D - 30B,wojciech@msn.com,2946739,Carmella Kristie Dove Grace
